Date;Open;High;Low;Close;Volume;Market Cap
03/17/20;0,997378;1,01;0,955483;0,976145;46775877399;4531625713
03/16/20;1,00;1,04;0,977445;0,997004;57318450774;4628458993
03/15/20;1,00;1,02;0,991342;1,00;43945453268;4651590222
03/14/20;1,00;1,01;0,990399;1,00;48327975513;4649890998
03/13/20;1,04;1,08;0,899490;0,999629;99315334323;4640645554
03/12/20;0,998984;1,08;0,968090;1,05;74550564419;4891126961
03/11/20;1,00;1,01;0,994335;0,998806;47108137900;4636825895
03/10/20;0,997840;1,01;0,993959;1,00;51217843378;4650355068
03/09/20;1,01;1,01;0,991261;0,999048;63879966769;4637946745
03/08/20;1,00;1,02;0,997992;1,01;54758243672;4687746177
03/07/20;0,998021;1,01;0,997396;1,00;46199415513;4643212805
03/06/20;1,00;1,01;0,997728;0,998430;49389801062;4635080377
03/05/20;1,00;1,01;0,996369;1,00;49920180590;4654076714
03/04/20;1,00;1,01;0,996098;1,00;48605279710;4645253483
03/03/20;0,994988;1,01;0,993595;1,00;50681960308;4653959468
03/02/20;1,00;1,00;0,994205;0,995000;67439071909;4619155547
03/01/20;1,01;1,01;0,995004;1,00;45828960109;4644680725
02/29/20;0,996267;1,01;0,993575;1,01;44948749121;4671931514
02/28/20;0,998789;1,01;0,991933;0,997089;56902235264;4628852894
02/27/20;1,00;1,01;0,992670;0,998413;61401185853;4635002129
02/26/20;1,00;1,01;0,993807;1,00;68910958735;4655096434
02/25/20;0,998741;1,01;0,993926;1,00;55034243501;4649118780
02/24/20;0,999138;1,01;0,996022;0,998800;56599226979;4636796514
02/23/20;1,00;1,00;0,992563;0,998017;47448629411;4633159673
02/22/20;1,00;1,01;0,997046;1,00;41243330013;4650857755
02/21/20;1,00;1,01;0,993989;1,00;47618138884;4656933338
02/20/20;1,00;1,01;0,993834;1,00;55986244963;4654409109
02/19/20;1,00;1,03;0,996316;1,00;54920030584;4648512399
02/18/20;0,998397;1,01;0,989398;1,00;60616752516;4645888803
02/17/20;1,00;1,01;0,992153;0,998474;63038607545;4635284711
02/16/20;0,998857;1,01;0,995153;0,999272;60160518246;4638989017
02/15/20;0,999684;1,02;0,996736;0,999128;57250318373;4638318811
02/14/20;0,998673;1,00;0,995624;1,00;54698567058;4642896605
02/13/20;1,00;1,02;0,991908;0,998579;63588479574;4635769301
02/12/20;0,998460;1,01;0,994470;1,00;54829582150;4654247429
02/11/20;1,00;1,00;0,991423;0,998423;46001561028;4635044755
02/10/20;1,00;1,02;0,995004;1,00;48784184264;4645339056
02/09/20;0,999441;1,01;0,995570;1,00;44977724508;4649204340
02/08/20;0,998773;1,01;0,994024;0,999534;44251729422;4640205613
02/07/20;0,997453;1,00;0,994860;0,997751;42966951015;4631927116
02/06/20;1,00;1,02;0,996225;0,997216;46549174003;4629443566
02/05/20;1,00;1,01;0,993603;1,00;46504757742;4655543935
02/04/20;0,999364;1,01;0,996329;1,00;36950713371;4650469195
02/03/20;1,00;1,01;0,994314;0,998913;39849489336;4637320450
02/02/20;1,00;1,01;0,996096;1,00;40560625161;4644893208
02/01/20;1,00;1,00;0,997052;1,00;34763069931;4648011884
01/31/20;1,00;1,01;0,997409;1,00;40496855325;4645374934
01/30/20;1,00;1,01;0,997548;1,00;43624728074;4649109251
01/29/20;1,00;1,01;0,993174;1,00;42323320108;4653027307
01/28/20;1,00;1,01;0,991067;1,00;44123906993;4645895399
01/27/20;1,00;1,01;0,993230;1,00;37771545362;4651188602
01/26/20;1,00;1,01;0,997359;1,00;29121614731;4644708262
01/25/20;1,00;1,01;0,996539;1,00;26340299495;4652175067
01/24/20;0,999104;1,01;0,992917;1,00;33356108238;4656155507
01/23/20;1,00;1,01;0,996345;0,998409;33631459310;4634979849
01/22/20;1,00;1,00;0,997179;1,00;29749248330;4645128570
01/21/20;1,00;1,01;0,995219;1,00;31080893275;4648951979
01/20/20;0,998641;1,01;0,995383;1,00;33079894466;4640395834
01/19/20;1,00;1,03;0,993084;0,998535;42680566067;4630413451
01/18/20;1,00;1,01;0,993985;1,00;43805026250;4649919502
01/17/20;0,999287;1,01;0,989280;1,00;47263851458;4650379638
01/16/20;1,00;1,01;0,993361;0,999231;40752742739;4633460370
01/15/20;1,00;1,02;0,991055;0,999656;49045902728;4631431380
01/14/20;1,00;1,02;0,991961;1,00;57687160761;4635105703
01/13/20;1,00;1,01;0,998427;1,00;26468468000;4642166645
01/12/20;0,999443;1,01;0,994446;1,00;27250055613;4637604060
01/11/20;1,00;1,01;0,993385;1,00;31049760361;4626484305
01/10/20;1,00;1,01;0,994826;1,00;34207037022;4632826679
01/09/20;1,00;1,01;0,993994;1,01;28026673217;4641371711
01/08/20;1,00;1,02;0,990067;1,00;35175740304;4630671670
01/07/20;1,00;1,01;0,998249;1,00;32765511976;4633564969
01/06/20;1,01;1,01;0,999115;1,00;29460474864;4639019503
01/05/20;1,01;1,02;1,00;1,01;24090142146;4133500728
01/04/20;1,00;1,01;0,999160;1,01;21585629320;4138741037
01/03/20;1,00;1,02;0,988027;1,00;32420287856;4125267218
01/02/20;0,999788;1,01;0,986515;1,00;24212314977;4114474717
01/01/20;0,999571;1,01;0,994924;0,999836;21503143454;4107371140
12/31/19;1,01;1,01;0,997790;0,999679;24214120056;4106723975
12/30/19;1,00;1,01;1,00;1,01;27104097511;4133411934
12/29/19;1,01;1,03;0,999667;1,00;26657374932;4125339509
12/28/19;1,01;1,01;0,999761;1,00;25847515455;4109307163
12/27/19;1,00;1,02;0,994478;1,01;26617288047;4131884754
12/26/19;1,00;1,02;0,993212;1,00;27081119738;4124425332
12/25/19;1,01;1,04;0,991506;1,00;24502862889;4127192621
12/24/19;1,01;1,03;0,998950;1,01;27906575904;4143319248
12/23/19;1,00;1,01;0,993842;1,01;31988935316;4157901176
12/22/19;1,01;1,01;0,999044;1,00;26913344236;4124011171
12/21/19;1,01;1,01;0,987017;1,01;22141256341;4131700084
12/20/19;1,01;1,01;0,997677;1,01;27492020303;4132042361
12/19/19;1,01;1,02;0,992406;1,01;30032554753;4143245799
12/18/19;0,998285;1,03;0,991518;1,01;36156312247;4133220482
12/17/19;1,00;1,02;0,992619;0,993339;28074801122;4080682163
12/16/19;1,00;1,02;0,993509;1,00;23894286942;4124418769
12/15/19;1,01;1,02;0,983907;1,00;19575469230;4127007370
12/14/19;1,00;1,01;0,997095;1,01;19018920700;4133054794
12/13/19;1,01;1,01;0,996657;1,00;19588662449;4115239097
12/12/19;1,01;1,01;0,999792;1,01;21128996533;4132023198
12/11/19;1,01;1,04;0,979262;1,01;19625934979;4157024797
12/10/19;1,00;1,01;0,999571;1,01;19145357481;4132097335
12/09/19;1,01;1,01;0,997568;1,00;19283208376;4125515159
12/08/19;1,01;1,01;1,00;1,01;16556799286;4134238975
12/07/19;1,00;1,01;1,00;1,01;16402700924;4138492576
12/06/19;1,01;1,02;0,997518;1,00;19022188750;4122124904
12/05/19;1,01;1,02;0,997193;1,01;21171449599;4149419251
12/04/19;1,00;1,02;0,981153;1,01;24761899935;4140656482
12/03/19;1,00;1,01;0,991071;1,00;16691088420;4120924295
12/02/19;1,00;1,02;0,991988;1,00;19093390526;4114951368
12/01/19;1,00;1,02;0,995080;1,00;21027847332;4118235661
11/30/19;1,00;1,02;0,998375;1,00;19145198648;4115041871
11/29/19;1,00;1,01;0,992586;1,00;22304763156;4126616332
11/28/19;1,00;1,02;1,00;1,00;21502793846;4124805294
11/27/19;1,00;1,03;0,981392;1,01;27416693309;4128694013
11/26/19;1,00;1,02;0,995267;1,01;23545460689;4148191320
11/25/19;1,01;1,02;0,993995;1,00;33648447519;4120837393
11/24/19;1,01;1,03;1,00;1,02;25990545761;4180011937
11/23/19;1,00;1,03;0,998878;1,01;24605070720;4161983862
11/22/19;1,00;1,02;0,991656;1,00;39068899485;4120554484
11/21/19;1,01;1,02;0,998885;1,00;26004738831;4109731631
11/20/19;1,01;1,02;1,00;1,01;22255938426;4130393647
11/19/19;1,01;1,03;1,00;1,01;23104090327;4144883422
11/18/19;1,01;1,02;1,00;1,01;24102161964;4157375252
11/17/19;1,01;1,02;1,00;1,01;20418489157;4142844476
11/16/19;1,00;1,01;1,00;1,01;18225904912;4135759004
11/15/19;1,01;1,02;0,995398;1,00;25291395573;4113666666
11/14/19;1,00;1,01;0,998471;1,01;21911169228;4130975243
11/13/19;1,00;1,01;0,999717;1,00;20071939197;4121088708
11/12/19;1,00;1,01;0,997774;1,00;23449537112;4113788114
11/11/19;1,00;1,01;0,997627;1,00;23739145075;4118061437
11/10/19;1,00;1,01;0,988144;1,00;24552202767;4119110881
11/09/19;1,00;1,01;0,998939;1,00;20459420156;4108822609
11/08/19;1,01;1,01;0,998418;1,00;28749114086;4118305231
11/07/19;1,00;1,01;0,997957;1,01;27694410589;4131592434
11/06/19;1,01;1,01;1,00;1,00;28578448466;4120504628
11/05/19;1,00;1,01;0,996082;1,00;30721581637;4127530034
11/04/19;1,00;1,01;0,993690;1,00;30710349697;4125883665
11/03/19;1,01;1,01;0,998527;1,00;24597499287;4126314409
11/02/19;1,00;1,01;0,997896;1,00;23973071925;4127588892
11/01/19;1,01;1,01;1,00;1,00;27864589885;4124890871
10/31/19;1,01;1,03;0,998004;1,01;30727310848;4134412347
10/30/19;1,00;1,01;0,999340;1,01;32807890269;4132087645
10/29/19;1,00;1,01;0,992977;1,00;35047512730;4116816180
10/28/19;1,00;1,01;0,978821;1,00;38665694771;4119771724
10/27/19;1,00;1,01;0,977020;1,00;40519447549;4125469824
10/26/19;1,00;1,01;0,969353;1,00;53509128965;4114596274
10/25/19;1,01;1,01;0,976078;1,00;37383241390;4116967974
10/24/19;1,00;1,01;0,982727;1,01;22266038845;4138558913
10/23/19;1,00;1,04;0,999671;1,00;28104432431;4118105520
10/22/19;1,00;1,01;1,00;1,00;20074662023;4126489142
10/21/19;1,00;1,01;1,00;1,00;19359959756;4125208335
10/20/19;1,01;1,01;0,997678;1,00;19329244106;4119901026
10/19/19;1,00;1,01;0,997877;1,01;17298548068;4136188573
10/18/19;1,00;1,02;1,00;1,00;19250435708;4119297017
10/17/19;1,01;1,01;1,00;1,00;17434260359;4125325861
10/16/19;1,00;1,01;0,999617;1,01;19824055272;4133212798
10/15/19;1,00;1,01;0,998641;1,00;19049522501;4124681551
10/14/19;1,00;1,01;0,994655;1,00;17801736393;4125276591
10/13/19;1,00;1,02;1,00;1,00;16192755686;4128347941
10/12/19;1,01;1,02;1,00;1,00;17304431390;4126426747
10/11/19;1,00;1,02;0,994763;1,01;23204107707;4158787987
10/10/19;1,01;1,01;0,998622;1,00;20928242912;4121340915
10/09/19;1,01;1,01;0,995585;1,01;23029987899;4131538662
10/08/19;1,01;1,01;1,00;1,01;18815341020;4133186976
10/07/19;1,01;1,02;0,997375;1,01;21724647654;4143061946
10/06/19;1,00;1,02;1,00;1,01;15827357439;4157697859
10/05/19;1,01;1,01;0,999737;1,00;14434599810;4115980271
10/04/19;1,00;1,01;1,00;1,01;15728274369;4144365577
10/03/19;1,00;1,01;0,998967;1,00;16169258787;4128369915
10/02/19;1,01;1,01;1,00;1,00;15811830977;4125482767
10/01/19;1,00;1,01;0,998700;1,01;19030134292;4134317781
09/30/19;1,01;1,01;0,997939;1,00;21100592344;4124922496
09/29/19;1,00;1,02;1,00;1,01;15804140912;4131364185
09/28/19;1,01;1,01;0,998413;1,00;16912669853;4127056413
09/27/19;1,00;1,01;0,999738;1,01;19746430476;4150539050
09/26/19;1,01;1,02;0,995644;1,00;22801049085;4126247361
09/25/19;1,01;1,01;0,997471;1,01;26997260690;4135771272
09/24/19;1,00;1,06;0,996689;1,01;30921334257;4137451011
09/23/19;1,00;1,01;0,998132;1,00;18747409475;4118512107
09/22/19;1,00;1,01;0,997709;1,00;16627445896;4118866621
09/21/19;1,00;1,01;0,999478;1,00;16319022643;4117713822
09/20/19;1,00;1,01;0,998032;1,00;18113214694;4111952092
09/19/19;1,01;1,02;0,996239;1,00;24952094604;4120322200
09/18/19;1,01;1,01;1,00;1,00;20444983557;4128128247
09/17/19;1,00;1,01;0,998028;1,00;19476441246;4128114452
09/16/19;1,00;1,01;0,997661;1,00;17893377310;4114723986
09/15/19;1,00;1,01;1,00;1,00;14415596813;4123580642
09/14/19;1,00;1,01;0,998992;1,00;16159387143;4114222770
09/13/19;1,00;1,01;1,00;1,00;15996355710;4097467740
09/12/19;1,00;1,01;1,00;1,00;16402248661;4101324783
09/11/19;1,00;1,01;0,994772;1,00;18377750474;4098035281
09/10/19;1,00;1,01;0,997473;0,999806;17017654802;4087401867
09/09/19;1,00;1,01;0,993680;1,00;20257637729;4086341063
09/08/19;1,01;1,02;0,999800;1,01;16261435450;4092580762
09/07/19;1,00;1,01;0,996417;1,01;17519761214;4076795700
09/06/19;1,00;1,02;0,997310;1,00;21625818728;4066603136
09/05/19;1,00;1,01;0,997480;1,00;16117656384;4039613908
09/04/19;1,00;1,01;0,997986;1,00;17773100138;4035748884
09/03/19;1,00;1,01;0,997069;1,00;20961149310;4036034882
09/02/19;1,00;1,01;0,995956;1,00;19393673770;4019029082
09/01/19;1,00;1,01;0,997522;1,00;13692453817;4026198550
08/31/19;1,00;1,01;0,998830;1,00;13595017430;4022874816
08/30/19;1,00;1,01;0,997414;1,00;15743697557;4016648657
08/29/19;0,996938;1,00;0,990583;1,00;19588460309;4016076899
08/28/19;0,997596;1,02;0,995672;0,996918;20067236222;3993337718
08/27/19;1,00;1,00;0,994668;0,999137;15741344309;4051946618
08/26/19;0,998459;1,01;0,990480;1,00;20439272588;4061567312
08/25/19;1,00;1,01;0,997705;0,999559;15701077262;4047319907
08/24/19;1,00;1,01;0,994502;1,00;16855228119;4059783763
08/23/19;1,00;1,01;0,995214;1,00;17469694439;4064927506
08/22/19;0,994162;1,02;0,989497;1,00;19233722241;4055957258
08/21/19;1,00;1,01;0,988811;0,994472;21391478351;4021552170
08/20/19;1,00;1,01;0,997226;1,00;16172223852;4045850196
08/19/19;1,00;1,01;0,999314;1,00;16811861913;4060897533
08/18/19;1,00;1,01;0,995090;1,00;14364172776;4057444466
08/17/19;1,00;1,01;0,994905;1,00;14226877438;4047320852
08/16/19;1,00;1,01;0,989389;1,00;20270456793;4053428776
08/15/19;0,993513;1,01;0,989800;1,00;24671808089;4053746971
08/14/19;0,996904;1,01;0,991617;0,993267;20899800562;4015336888
08/13/19;0,998860;1,00;0,992964;0,996607;16990669408;4029041082
08/12/19;0,997528;1,00;0,996463;0,998427;14362593627;4036397868
08/11/19;0,999586;1,00;0,993964;0,997650;16176202793;4033923480
08/10/19;0,998624;1,02;0,994197;0,999664;18865220050;4042064736
08/09/19;0,997114;1,00;0,995848;0,998742;19138167443;4038339618
08/08/19;1,00;1,00;0,992873;0,997454;19546253744;4032631239
08/07/19;0,997503;1,01;0,994797;1,00;21336570151;4047815470
08/06/19;1,01;1,02;0,994782;0,998211;23116470540;4032665588
08/05/19;1,01;1,02;0,999468;1,01;23323661452;4080179145
08/04/19;1,00;1,02;0,998230;1,01;16547093138;4046865535
08/03/19;1,00;1,02;0,999940;1,00;15536536966;4043681423
08/02/19;1,01;1,01;1,00;1,00;17771010851;4033499119
08/01/19;1,00;1,01;0,999278;1,01;17335442457;4050895289
07/31/19;1,00;1,01;0,998329;1,00;17287662489;4041560025
07/30/19;1,00;1,01;0,994308;1,00;15142268405;4035591592
07/29/19;1,00;1,01;0,991145;1,00;15509464207;4029661620
07/28/19;0,997934;1,01;0,984961;1,00;14944677257;4036568223
07/27/19;1,00;1,02;0,994444;0,998904;18615240948;4023148586
07/26/19;1,00;1,01;0,996531;1,00;15599639005;4040171251
07/25/19;1,00;1,01;0,992710;1,00;17296727538;4037152968
07/24/19;0,999094;1,01;0,994108;1,00;19783566756;4036055230
07/23/19;1,00;1,00;0,992193;0,997631;19014521713;4014962125
07/22/19;1,00;1,01;0,991956;1,00;17683364720;4028586251
07/21/19;1,01;1,01;0,995798;1,00;18408364222;4030144850
07/20/19;1,00;1,01;0,998099;1,01;21153364428;4047279803
07/19/19;1,01;1,02;0,995676;1,00;21977173846;4030698285
07/18/19;1,01;1,01;0,990635;1,01;26607023339;4007527468
07/17/19;0,996799;1,01;0,989308;1,01;27923279924;3995324969
07/16/19;1,01;1,01;0,989860;0,995924;26416562733;3936469134
07/15/19;1,00;1,01;0,991671;1,01;27881783429;3969197087
07/14/19;0,998877;1,01;0,995528;0,999995;23891996870;3916691732
07/13/19;1,01;1,01;0,993898;0,998694;21428894196;3906601065
07/12/19;0,996719;1,01;0,994522;1,01;23688826133;3912950351
07/11/19;1,00;1,01;0,994273;0,996514;30184888505;3853202592
07/10/19;1,00;1,01;0,995900;0,999782;33907842504;3844539299
07/09/19;1,00;1,02;1,00;1,00;26933807933;3847191980
07/08/19;1,00;1,01;0,995300;1,00;22820954670;3778152236
07/07/19;0,997018;1,01;0,994346;1,00;19840392097;3710332355
07/06/19;1,00;1,01;0,994577;0,997410;20814642709;3688689726
07/05/19;1,00;1,01;0,995091;1,00;22749205293;3694148236
07/04/19;1,00;1,01;0,997044;0,999929;24764753311;3663725121
07/03/19;1,00;1,01;0,993842;1,01;27680469385;3651596466
07/02/19;0,995718;1,01;0,976975;1,00;29747160959;3619787352
07/01/19;0,991538;1,00;0,984395;0,996052;28817659770;3586361277
06/30/19;1,00;1,00;0,986766;0,992487;27348295158;3573328668
06/29/19;1,00;1,01;0,990677;0,998604;28377740799;3595353336
06/28/19;0,986239;1,01;0,978437;1,00;32485233996;3600766046
06/27/19;0,992220;1,01;0,970494;0,985739;38157617576;3534068745
06/26/19;0,999653;1,01;0,984076;0,991819;41336848793;3545698254
06/25/19;0,997399;1,01;0,993757;0,999333;23472410545;3534644505
06/24/19;0,995528;1,00;0,993718;0,997842;18976266767;3563170776
06/23/19;0,996571;1,01;0,991742;0,996691;20905913458;3520635648
06/22/19;1,00;1,02;0,992758;0,995817;29687375142;3517547293
06/21/19;1,00;1,01;0,998090;1,00;20328307388;3573037046
06/20/19;1,00;1,01;0,995611;1,00;17138142841;3548510405
06/19/19;0,999570;1,00;0,998373;1,00;14726683847;3542188390
06/18/19;1,00;1,01;0,998535;0,999952;15771300771;3529616182
06/17/19;1,00;1,01;1,00;1,00;15343961198;3540042489
06/16/19;1,01;1,02;1,00;1,00;23029024600;3479357227
06/15/19;1,01;1,01;1,00;1,01;17956308862;3456234353
06/14/19;1,00;1,01;0,999992;1,01;18830907639;3453254932
06/13/19;1,00;1,01;0,999458;1,00;18003592840;3428991225
06/12/19;1,01;1,01;1,00;1,00;18810991260;3364252865
06/11/19;1,01;1,01;0,998849;1,01;16753427566;3325919824
06/10/19;1,00;1,01;0,998146;1,01;19122573655;3294730228
06/09/19;1,00;1,01;0,998939;1,00;17201793659;3248557122
06/08/19;1,01;1,01;1,00;1,00;16292169466;3254244638
06/07/19;1,00;1,01;1,00;1,01;18921026163;3260471456
06/06/19;1,01;1,01;0,997716;1,00;18802214962;3241244686
06/05/19;0,995753;1,01;0,994518;1,01;21458472361;3209466412
06/04/19;1,00;1,01;0,987746;0,995063;25914212183;3147471970
06/03/19;1,00;1,01;0,993830;0,999562;22385023537;3134744366
06/02/19;1,00;1,01;0,996735;1,00;19634978743;3138617718
06/01/19;1,00;1,01;0,998526;1,00;22485000932;3144304603
05/31/19;1,00;1,01;0,993182;1,00;25677215086;3141419357
05/30/19;1,00;1,02;0,994909;1,00;31068176490;3125081885
05/29/19;1,00;1,01;0,997401;1,00;23307763254;3119583210
05/28/19;1,01;1,01;0,998150;1,00;24888400606;3118810070
05/27/19;1,01;1,03;1,00;1,00;27213312566;3099775591
05/26/19;1,00;1,02;0,995218;1,01;21971964413;3092734490
05/25/19;1,00;1,01;1,00;1,00;18881328532;3068124541
05/24/19;1,00;1,01;1,00;1,00;23073515294;3040673514
05/23/19;1,00;1,01;0,995199;1,00;21455730501;2985994358
05/22/19;1,01;1,01;0,994682;1,00;21111582275;2931005794
05/21/19;1,00;1,01;0,999932;1,01;21591636939;2936972060
05/20/19;1,01;1,02;0,995786;1,00;23800323103;2876744726
05/19/19;0,997268;1,02;0,993213;1,01;26838449167;2870362982
05/18/19;0,993393;1,01;0,992881;0,996640;21555335780;2829192012
05/17/19;0,999802;1,02;0,976610;0,996773;32783960324;2829570346
05/16/19;1,00;1,01;0,991531;0,999040;34137196163;2834358443
05/15/19;1,00;1,01;0,996158;1,00;27509475185;2831709801
05/14/19;1,00;1,01;0,993394;1,00;31171158466;2801454823
05/13/19;0,995625;1,01;0,990648;1,01;24593762690;2814581049
05/12/19;1,00;1,01;0,994844;0,995634;26115401657;2765964070
05/11/19;1,00;1,01;0,996983;1,00;26823706394;2780202557
05/10/19;0,998959;1,01;0,991036;1,00;16345518855;2779655673
05/09/19;1,00;1,00;0,996554;0,999281;13582927983;2774598197
05/08/19;0,998043;1,01;0,993184;1,00;12724666198;2780409484
05/07/19;0,999558;1,01;0,994040;0,998015;16055442570;2771084835
05/06/19;1,00;1,01;0,995643;0,999546;14133150896;2775335548
05/05/19;1,00;1,00;0,994595;1,00;12450308259;2786657649
05/04/19;1,00;1,01;0,998155;1,00;15580791271;2781657476
05/03/19;1,00;1,01;0,997101;1,00;16697196560;2783727234
05/02/19;1,00;1,01;0,998570;1,00;12403603820;2782770293
05/01/19;1,01;1,01;1,00;1,00;11389167590;2800146869
04/30/19;1,00;1,01;0,998057;1,01;12702033347;2851502734
04/29/19;0,993907;1,00;0,993003;1,00;12221464798;2835764600
04/28/19;0,994657;1,00;0,992294;0,993873;10548623452;2829388044
04/27/19;0,991367;0,997290;0,989233;0,994751;10698521526;2831886955
04/26/19;0,994202;0,996570;0,974206;0,991103;15229200868;2821503163
04/25/19;1,01;1,02;0,985255;0,992808;13786916955;2842830013
04/24/19;1,01;1,02;1,00;1,01;15689022306;2843517618
04/23/19;1,01;1,01;0,997461;1,01;13668552021;2698944300
04/22/19;1,01;1,01;1,00;1,01;12392918470;2627691194
04/21/19;1,01;1,01;1,00;1,01;12526292374;2601017107
04/20/19;1,01;1,01;1,00;1,01;11106675016;2580691185
04/19/19;1,00;1,01;1,00;1,01;12376436010;2582526477
04/18/19;1,01;1,01;1,00;1,00;12499290660;2561734880
04/17/19;1,01;1,01;1,00;1,01;11369931706;2541510568
04/16/19;1,00;1,01;0,997263;1,01;10983003413;2501559972
04/15/19;1,01;1,02;0,998905;1,00;12810459909;2461221437
04/14/19;1,01;1,01;1,00;1,01;9870255987;2431637598
04/13/19;1,01;1,01;1,00;1,01;10655745799;2434771925
04/12/19;1,01;1,01;1,00;1,01;13546700426;2425813372
04/11/19;1,00;1,02;1,00;1,01;17391967979;2318990462
04/10/19;1,01;1,02;0,999955;1,00;15995091262;2271407886
04/09/19;1,01;1,02;1,01;1,01;14315304509;2212375022
04/08/19;1,00;1,02;0,999769;1,01;17972924418;2158728024
04/07/19;1,00;1,01;1,00;1,00;16782653244;2090015279
04/06/19;1,01;1,01;0,997995;1,00;16693450474;2086940761
04/05/19;1,00;1,01;0,999635;1,01;16216708300;2091887834
04/04/19;1,01;1,01;1,00;1,01;19847220123;2086183477
04/03/19;1,01;1,04;1,00;1,01;26557549335;2083736155
04/02/19;1,00;1,03;0,992272;1,01;21843762437;2058622343
04/01/19;1,00;1,01;0,997745;1,00;9569263475;2044790317
03/31/19;1,00;1,00;0,998000;1,00;8108743211;2029986705
03/30/19;0,997396;1,05;0,993254;1,00;9083798415;2029560141
03/29/19;1,01;1,01;0,995190;0,998496;9802241562;2025447734
03/28/19;1,01;1,02;1,00;1,01;8064353737;2050152763
03/27/19;1,01;1,02;1,01;1,01;10893307729;2052994600
03/26/19;1,01;1,01;1,00;1,01;9075098633;2041600212
03/25/19;1,01;1,01;0,998030;1,01;9042276853;2035968594
03/24/19;1,01;1,01;1,00;1,01;7789146127;2032100364
03/23/19;1,01;1,01;1,01;1,01;8252465265;2035564495
03/22/19;1,01;1,01;1,01;1,01;8043069056;2026517620
03/21/19;1,01;1,02;1,01;1,01;10022422933;2034791375
03/20/19;1,02;1,02;1,01;1,01;9474331302;2032419228
03/19/19;1,01;1,02;1,01;1,01;8243478388;2039364772
03/18/19;1,01;1,01;1,01;1,01;8604028178;2023596102
03/17/19;1,01;1,02;1,01;1,01;7070867589;2020136779
03/16/19;1,01;1,02;1,00;1,01;9333467997;2023624450
03/15/19;1,01;1,01;1,01;1,01;8024364516;2019386958
03/14/19;1,01;1,02;1,01;1,01;8089597848;2021198680
03/13/19;1,01;1,02;1,01;1,01;7861726433;2016486636
03/12/19;1,01;1,01;1,00;1,01;8193056943;2009529080
03/11/19;1,01;1,01;1,01;1,01;8754662156;2013884109
03/10/19;1,01;1,01;1,00;1,01;7993146408;2011853490
03/09/19;1,01;1,01;1,01;1,01;9012563866;2006176237
03/08/19;1,01;1,02;1,00;1,01;9170949582;2013254636
03/07/19;1,01;1,02;1,01;1,01;8964016754;2011160434
03/06/19;1,01;1,02;1,01;1,01;8754632122;2015364290
03/05/19;1,01;1,01;1,00;1,01;9791470887;2045218544
03/04/19;1,01;1,02;1,01;1,01;8129567032;2046154638
03/03/19;1,01;1,01;1,01;1,01;6148316202;2043328705
03/02/19;1,01;1,01;1,01;1,01;6623334103;2046557763
03/01/19;1,01;1,02;1,01;1,01;6628411253;2035341543
02/28/19;1,01;1,02;1,01;1,01;7911756336;2041809695
02/27/19;1,01;1,02;1,01;1,01;7569906987;2039742726
02/26/19;1,01;1,02;1,01;1,01;7159288173;2043385025
02/25/19;1,01;1,02;1,01;1,02;9138604588;2051885482
02/24/19;1,01;1,05;1,00;1,01;11405442806;2045808840
02/23/19;1,01;1,01;1,00;1,01;8122320488;2038700777
02/22/19;1,00;1,01;1,00;1,01;6931449681;2038722002
02/21/19;1,01;1,01;1,00;1,00;6765318432;2030389249
02/20/19;1,01;1,01;1,00;1,01;8091720630;2035565492
02/19/19;1,00;1,01;1,00;1,01;9304885086;2036854533
02/18/19;1,00;1,01;0,996481;1,01;9082574152;2032482156
02/17/19;1,00;1,01;0,992513;1,00;5746888553;2023392364
02/16/19;1,00;1,01;0,998947;1,00;4506743621;2028056761
02/15/19;1,01;1,01;1,00;1,00;5016161093;2028414752
02/14/19;1,00;1,01;1,00;1,01;4761618448;2034561938
02/13/19;1,00;1,01;0,999526;1,00;5228665975;2029480830
02/12/19;1,00;1,01;0,998774;1,00;5105059634;2029502697
02/11/19;1,00;1,01;1,00;1,00;5144064149;2027856142
02/10/19;1,00;1,01;0,999930;1,00;4965113768;2029926999
02/09/19;1,00;1,01;0,998761;1,00;4749715865;2021998987
02/08/19;1,00;1,01;0,986769;1,00;6153689552;2025330851
02/07/19;1,00;1,00;0,998545;1,00;3569921563;2023283054
02/06/19;0,999498;1,01;0,992881;1,00;4271302713;2023129504
02/05/19;0,998435;1,00;0,995501;0,999532;3691717612;2019910268
02/04/19;1,00;1,00;0,997637;0,999826;3770858317;2020505215
02/03/19;1,00;1,01;0,998111;1,00;3756996124;2020950151
02/02/19;1,01;1,01;1,00;1,00;3806913471;2026311240
02/01/19;1,00;1,01;1,00;1,01;3949396927;2033605783
01/31/19;1,01;1,01;1,00;1,01;4110696174;2033970566
01/30/19;1,01;1,01;1,00;1,01;4249354160;2035381727
01/29/19;1,01;1,01;1,01;1,01;4206195777;2039923121
01/28/19;1,01;1,01;1,01;1,01;4951907623;2038694610
01/27/19;1,01;1,01;1,00;1,01;3932642453;2034836041
01/26/19;1,01;1,01;1,00;1,01;3445405585;2035939570
01/25/19;1,01;1,01;1,01;1,01;3634209137;2038477177
01/24/19;1,01;1,01;1,00;1,01;3581348682;2034477909
01/23/19;1,01;1,01;1,01;1,01;3663985821;2033881765
01/22/19;1,01;1,02;1,01;1,01;3879616222;2035374036
01/21/19;1,02;1,02;1,01;1,01;3497758658;2043620530
01/20/19;1,02;1,03;1,01;1,02;4389435191;2050721693
01/19/19;1,01;1,02;1,01;1,02;3961648844;2049986707
01/18/19;1,02;1,02;1,01;1,02;3661299223;2049916429
01/17/19;1,02;1,02;1,01;1,02;4146824182;2039914521
01/16/19;1,02;1,02;1,02;1,02;3933540777;2034461698
01/15/19;1,02;1,03;1,02;1,02;3956962447;2030634314
01/14/19;1,02;1,03;1,01;1,02;4072427029;1994117522
01/13/19;1,02;1,04;1,02;1,02;3380321686;1967105373
01/12/19;1,02;1,03;1,02;1,02;3258438567;1968628488
01/11/19;1,03;1,03;1,02;1,02;4194066259;1973324876
01/10/19;1,02;1,05;1,02;1,02;5844376311;1951532809
01/09/19;1,02;1,02;1,01;1,02;3694148978;1924061690
01/08/19;1,01;1,02;1,01;1,02;3843200052;1921519012
01/07/19;1,02;1,02;1,01;1,01;3761972510;1899849838
01/06/19;1,02;1,03;1,00;1,02;4224650070;1910347641
01/05/19;1,02;1,03;1,01;1,02;3993806914;1900850297
01/04/19;1,02;1,02;1,01;1,02;3895786727;1898444419
01/03/19;1,02;1,03;1,02;1,02;3487202823;1900260730
01/02/19;1,02;1,02;1,01;1,02;4442755398;1908446134
01/01/19;1,02;1,02;1,01;1,02;3139234963;1892772547
12/31/18;1,02;1,02;1,01;1,01;3447513904;1884199082
12/30/18;1,03;1,04;1,02;1,02;3762583033;1893629500
12/29/18;1,02;1,05;1,02;1,03;4372940348;1916646100
12/28/18;1,02;1,03;0,997092;1,02;4639997631;1901200729
12/27/18;1,02;1,04;1,02;1,02;3977540744;1901298702
12/26/18;1,02;1,03;1,01;1,02;4461185016;1892714209
12/25/18;1,02;1,03;1,01;1,02;5493940637;1891786345
12/24/18;1,02;1,03;1,00;1,02;6912098933;1885710064
12/23/18;1,02;1,03;1,01;1,02;5243877298;1886040853
12/22/18;1,01;1,02;1,01;1,02;4244056323;1895045965
12/21/18;1,02;1,03;1,01;1,02;5957952408;1885208114
12/20/18;1,02;1,04;1,01;1,02;6967777735;1892468256
12/19/18;1,01;1,02;1,01;1,02;5315586579;1897935600
12/18/18;1,01;1,02;1,00;1,01;4567397832;1880309990
12/17/18;1,01;1,02;0,995431;1,01;3775394830;1874876148
12/16/18;1,01;1,01;0,997030;1,01;2322330505;1868184263
12/15/18;1,00;1,01;0,998623;1,00;2191631708;1865684231
12/14/18;1,00;1,01;0,996187;1,00;2751719689;1860500701
12/13/18;1,01;1,01;0,996699;1,00;2657124589;1862692456
12/12/18;1,01;1,02;1,01;1,01;2623601152;1874533234
12/11/18;1,02;1,02;1,01;1,01;3002221768;1874603559
12/10/18;1,02;1,02;1,01;1,02;3208473004;1887246299
12/09/18;1,02;1,02;1,01;1,02;3210392369;1885200219
12/08/18;1,00;1,02;0,996744;1,02;3700874976;1893504596
12/07/18;0,998803;1,01;0,990759;1,00;4636871756;1859078678
12/06/18;0,991397;1,01;0,982076;0,998296;3702066873;1853258432
12/05/18;1,00;1,00;0,986742;0,992966;3119796461;1843363374
12/04/18;0,995331;1,01;0,984014;1,00;3048831081;1856479288
12/03/18;0,996676;1,01;0,989048;0,996594;3069963646;1850098416
12/02/18;0,999841;1,00;0,993351;0,998372;3221855294;1853398856
12/01/18;0,994961;1,02;0,982213;1,00;3306556081;1858375216
11/30/18;0,996603;1,01;0,986517;0,991823;4065662222;1841241018
11/29/18;0,995164;1,01;0,992057;0,997377;4348557871;1851552529
11/28/18;0,983320;1,01;0,980093;0,998622;4765620000;1853863586
11/27/18;0,978976;0,991699;0,966279;0,984260;4071230000;1827201658
11/26/18;0,975026;0,992572;0,967920;0,977243;4696030000;1814175146
11/25/18;0,978475;0,990603;0,961215;0,980969;5223930000;1821092174
11/24/18;0,981850;0,993022;0,964871;0,980224;3549490000;1770697939
11/23/18;0,990912;1,00;0,975762;0,982570;3775250000;1774935805
11/22/18;0,984784;0,999798;0,980565;0,998188;3287830000;1803148499
11/21/18;0,973448;0,996446;0,964658;0,987504;4348950000;1783848690
11/20/18;0,977554;0,993013;0,950014;0,968799;5908970000;1750059571
11/19/18;0,993963;1,00;0,976188;0,982730;5189080000;1726088332
11/18/18;0,985216;0,994970;0,983333;0,992533;3037000000;1743306535
11/17/18;0,989956;0,992895;0,984771;0,985869;2909490000;1731601740
11/16/18;0,983179;0,992339;0,979035;0,987027;3454560000;1684284326
11/15/18;0,972578;0,992574;0,962447;0,982022;4956910000;1675743686
11/14/18;0,983200;1,00;0,964191;0,966644;4749050000;1649502332
11/13/18;0,987837;0,994797;0,979940;0,985118;2679670000;1681026767
11/12/18;0,990272;0,997591;0,987200;0,989148;2716680000;1687903647
11/11/18;0,997203;1,00;0,990462;0,990462;2634060000;1690145885
11/10/18;0,995397;0,998994;0,990663;0,997180;2558040000;1771412226
11/09/18;0,994384;0,999944;0,988750;0,994832;2643090000;1767241188
11/08/18;0,992254;0,999743;0,989538;0,994333;2951660000;1766354754
11/07/18;0,993524;0,998494;0,989453;0,993270;3266710000;1764466417
11/06/18;0,994805;0,996876;0,987816;0,992796;3076640000;1765260478
11/05/18;0,989849;1,01;0,989849;0,993176;2757810000;1764299434
11/04/18;0,999020;1,00;0,945723;0,988708;2955200000;1756362381
11/03/18;0,993098;1,01;0,992882;0,999433;2117390000;1775414505
11/02/18;0,990714;0,996147;0,976929;0,993501;2373920000;1764876771
11/01/18;0,987386;1,02;0,987285;0,991720;2043660000;1761712964
10/31/18;0,998544;1,01;0,983885;0,988122;2152470000;1755321398
10/30/18;0,995925;0,999797;0,984211;0,996671;1983070000;1820341578
10/29/18;0,996364;1,01;0,991676;0,996859;2296810000;1920370845
10/28/18;0,995223;0,998892;0,991548;0,998453;1729890000;1923441561
10/27/18;0,987778;0,997335;0,987005;0,993097;1671750000;1913123646
10/26/18;0,988571;0,990475;0,981313;0,989789;1881270000;1906751043
10/25/18;0,990443;0,991490;0,984888;0,988791;1677800000;1904828474
10/24/18;0,986011;0,988612;0,982466;0,988612;1781560000;2003344845
10/23/18;0,984913;0,990374;0,982528;0,987962;2111740000;2002027671
10/22/18;0,985726;0,995210;0,976333;0,983998;2213350000;2043194835
10/21/18;0,984348;0,988854;0,974997;0,983548;2188330000;2042260445
10/20/18;0,988241;0,990877;0,977601;0,983831;2094040000;2042848073
10/19/18;0,981291;0,989284;0,978021;0,987712;2322570000;2050906665
10/18/18;0,972522;0,985084;0,967321;0,980858;2485030000;2085717771
10/17/18;0,977078;0,978690;0,966323;0,971225;2569210000;2142931950
10/16/18;0,979243;0,985358;0,969406;0,975152;2585550000;2200354168
10/15/18;0,993084;0,993084;0,925284;0,980138;5891700000;2456639187
10/14/18;0,987869;0,995905;0,984209;0,989570;2008170000;2480279757
10/13/18;0,995036;0,995455;0,984940;0,988046;1961540000;2674069170
10/12/18;0,998704;0,998704;0,983670;0,994102;2962380000;2690459260
10/11/18;0,992934;1,02;0,987252;0,993026;3772600000;2687547150
10/10/18;0,995332;1,00;0,990803;0,993502;2295300000;2688835407
10/09/18;0,996374;0,999826;0,991899;0,996779;2183500000;2697704351
10/08/18;0,996229;1,00;0,990055;0,995814;2594100000;2794674054
10/07/18;0,997938;1,00;0,992553;0,996617;2187670000;2796927611
10/06/18;0,996503;1,00;0,995775;0,997177;2238520000;2798499207
10/05/18;0,996195;1,00;0,989995;0,995778;2330830000;2794573023
10/04/18;0,998340;1,00;0,988396;0,996185;2374680000;2795715237
10/03/18;1,00;1,01;0,991395;0,998569;2812780000;2802405746
10/02/18;0,995380;1,00;0,993995;0,999741;2818190000;2805694872
10/01/18;0,996818;1,01;0,993728;0,997925;3069480000;2800598411
09/30/18;1,00;1,01;0,991041;1,00;3307320000;2807432047
09/29/18;1,00;1,01;0,990836;0,999602;3249000000;2805304780
09/28/18;0,994787;1,01;0,988149;1,00;3447280000;2810406854
09/27/18;1,00;1,01;0,977865;0,997107;3408680000;2798302758
09/26/18;1,00;1,01;0,990897;1,00;3380990000;2812399414
09/25/18;1,01;1,01;0,993060;1,00;3572280000;2807656561
09/24/18;0,999409;1,01;0,994282;1,00;2852810000;2808189781
09/23/18;0,996163;1,01;0,992725;0,999512;2804770000;2805052202
09/22/18;0,992045;1,02;0,982721;1,00;3352660000;2809003644
09/21/18;0,998697;1,02;0,975145;0,994428;5090540000;2790784354
09/20/18;0,999453;1,01;0,990492;1,00;2689090000;2760666625
09/19/18;1,01;1,01;0,964570;1,00;2635660000;2758323667
09/18/18;1,01;1,01;0,980623;1,00;2687350000;2762623685
09/17/18;0,999014;1,01;0,995283;1,00;2854420000;2767750629
09/16/18;1,00;1,01;0,995185;1,00;2103110000;2759067900
09/15/18;1,01;1,01;0,993745;1,00;2112840000;2758792258
09/14/18;0,998975;1,02;0,988274;1,00;2804570000;2762926891
09/13/18;1,00;1,01;0,986957;1,01;3009780000;2773925014
09/12/18;1,00;1,01;0,989434;1,00;2512200000;2759867263
09/11/18;0,996450;1,02;0,996450;1,00;2375530000;2768935890
09/10/18;0,998831;1,01;0,995038;1,00;2300220000;2759949955
09/09/18;1,00;1,02;0,968354;1,00;2470930000;2770148716
09/08/18;1,01;1,02;0,997322;1,00;2345090000;2768219221
09/07/18;1,00;1,01;0,996252;1,01;2778320000;2773952578
09/06/18;1,01;1,03;0,989162;1,00;3695980000;2758930079
09/05/18;0,999856;1,03;0,997398;1,01;4000180000;2778335288
09/04/18;0,999627;1,00;0,993396;0,999517;2758550000;2765803807
09/03/18;0,995396;1,00;0,993010;0,998642;2530750000;2798335029
09/02/18;0,996865;1,01;0,993394;0,997839;2844130000;2835998470
09/01/18;1,00;1,00;0,985154;0,996813;2910380000;2733401134
08/31/18;1,00;1,01;0,996037;1,00;2659230000;2751765248
08/30/18;0,999735;1,01;0,992116;1,00;2764870000;2782223800
08/29/18;1,00;1,02;0,991106;1,00;3024040000;2783976548
08/28/18;0,997670;1,00;0,991961;0,999395;2991530000;2810438991
08/27/18;1,00;1,01;0,983211;0,997802;2718980000;2805959251
08/26/18;1,00;1,01;0,997750;0,999227;1946530000;2789982011
08/25/18;0,998537;1,00;0,995268;1,00;1958700000;2794932476
08/24/18;0,998429;1,01;0,994293;1,00;2850500000;2797110345
08/23/18;1,00;1,00;0,993635;0,998976;2392970000;2789281184
08/22/18;1,00;1,01;0,981115;1,00;3325510000;2823128085
08/21/18;1,01;1,01;0,995364;1,00;2350790000;2824115834
08/20/18;1,00;1,02;0,997007;1,01;2596870000;2736812672
08/19/18;1,01;1,01;0,996864;1,00;2622560000;2723555849
08/18/18;1,00;1,01;0,996478;1,00;3247510000;2729925657
08/17/18;1,00;1,01;0,994058;0,997761;3783430000;2696090243
08/16/18;1,00;1,01;0,993986;1,00;2741290000;2410077057
08/15/18;0,995030;1,01;0,993253;1,00;3277720000;2410149271
08/14/18;1,00;1,02;0,991974;0,997543;3917750000;2401226002
08/13/18;1,00;1,02;0,994659;1,00;2596380000;2416600407
08/12/18;1,01;1,01;0,994930;1,00;4066320000;2408319844
08/11/18;1,00;1,01;0,978541;1,01;2630390000;2430850678
08/10/18;1,00;1,01;0,991889;1,00;2887490000;2410943627
08/09/18;1,00;1,01;0,979456;1,00;2626630000;2417346621
08/08/18;1,00;1,02;0,991345;1,00;3421800000;2411208413
08/07/18;0,999416;1,03;0,995265;1,00;2942000000;2440893542
08/06/18;1,00;1,00;0,998169;1,00;2336390000;2439455629
08/05/18;0,997972;1,00;0,996254;0,999347;2204100000;2435548893
08/04/18;1,00;1,00;0,993336;0,998505;2526060000;2433496821
08/03/18;1,00;1,00;0,995755;0,999095;2843800000;2434934734
08/02/18;0,998746;1,00;0,995199;1,00;2539460000;2418735658
08/01/18;0,999215;1,00;0,994754;0,999409;3059190000;2395723636
07/31/18;0,999708;1,01;0,995340;0,999507;3253100000;2460926510
07/30/18;0,999317;1,01;0,993987;0,998910;4311410000;2504407563
07/29/18;0,996403;1,00;0,995105;0,998919;2404489984;2504430127
07/28/18;0,995606;1,00;0,995606;0,997887;2298899968;2501842758
07/27/18;0,999553;1,00;0,991179;0,997118;3092310016;2499914767
07/26/18;0,996740;1,00;0,992867;0,997951;2894500096;2502003215
07/25/18;0,992372;1,00;0,985008;0,998791;3514560000;2504109213
07/24/18;0,997918;1,00;0,993390;0,996505;4417310208;2498377890
07/23/18;1,00;1,00;0,991952;0,997496;2808819968;2600612066
07/22/18;1,00;1,01;0,994756;0,999843;2209939968;2656723175
07/21/18;1,00;1,00;0,995731;1,00;2164900096;2657246631
07/20/18;0,998921;1,01;0,994279;1,00;3072349952;2659877200
07/19/18;1,00;1,00;0,993331;0,998088;3188349952;2701964293
07/18/18;0,999476;1,01;0,993404;1,00;4082030080;2713123126
07/17/18;1,00;1,01;0,979782;1,00;3620499968;2707492274
07/16/18;0,998966;1,00;0,988297;0,999139;2864659968;2704809498
07/15/18;1,00;1,00;0,996664;0,998352;1919559936;2702678978
07/14/18;1,00;1,01;0,998031;1,00;1620770048;2714314268
07/13/18;0,999377;1,01;0,995791;1,00;2279970048;2710984485
07/12/18;1,00;1,01;0,994467;0,999070;2404160000;2704622705
07/11/18;1,00;1,01;0,998898;1,00;2524790016;2610164628
07/10/18;1,01;1,01;0,997819;1,00;2974149888;2610268914
07/09/18;1,00;1,01;1,00;1,01;2358560000;2626693898
07/08/18;1,00;1,01;1,00;1,00;2142080000;2618220692
07/07/18;1,00;1,01;0,989028;1,01;2134790016;2623330687
07/06/18;1,01;1,01;0,998692;1,00;2460250112;2615378909
07/05/18;1,00;1,01;0,999482;1,01;3606159872;2723762187
07/04/18;0,998857;1,00;0,993437;0,999195;2638139904;2704961098
07/03/18;0,997445;1,00;0,995343;1,00;2786769920;2708006631
07/02/18;0,999402;1,00;0,993193;0,998859;2787729920;2704051498
07/01/18;0,997323;1,01;0,997016;0,998821;3653040128;2703948627
06/30/18;1,00;1,01;0,992682;0,999192;2540620032;2704952976
06/29/18;0,996047;1,01;0,990261;1,00;2482319872;2716155123
06/28/18;0,998823;1,00;0,989789;0,997193;2331049984;2699541403
06/27/18;1,00;1,01;0,981484;0,997935;2055360000;2701550101
06/26/18;0,998834;1,01;0,990512;1,00;2025110016;2708656344
06/25/18;1,00;1,01;0,984719;1,00;3956019968;2708818773
06/24/18;0,998875;1,02;0,971736;1,01;3952620032;2620436761
06/23/18;1,00;1,01;0,990621;1,00;2500859904;2612302484
06/22/18;1,00;1,03;0,990974;1,00;3747810048;2614961767
06/21/18;1,00;1,01;0,994075;1,00;2017639936;2608522130
06/20/18;1,00;1,01;0,994434;0,998829;2215259904;2604087384
06/19/18;1,00;1,01;0,994846;1,00;2253370112;2607713917
06/18/18;1,00;1,01;0,991164;1,00;2073910016;2614518553
06/17/18;1,00;1,01;0,998453;1,01;1548390016;2621427475
06/16/18;1,00;1,01;0,987984;1,00;1797939968;2618194621
06/15/18;1,00;1,01;0,995103;1,01;2376110080;2625259971
06/14/18;1,00;1,01;0,993035;1,00;3104209920;2517043550
06/13/18;1,00;1,03;0,994316;1,00;3056750080;2515990551
06/12/18;1,00;1,02;0,998669;1,00;2702340096;2509070844
06/11/18;1,01;1,01;0,991656;1,00;2913220096;2511979126
06/10/18;1,01;1,02;0,989031;0,998215;3845029888;2502665100
06/09/18;1,00;1,01;0,999194;1,01;2006880000;2522383759
06/08/18;0,999940;1,01;0,994330;1,00;2219579904;2511628596
06/07/18;0,999463;1,01;0,996242;0,998750;2554540032;2504006888
06/06/18;0,997917;1,01;0,990877;1,00;2508359936;2508870741
06/05/18;0,999263;1,01;0,990879;1,00;2796069888;2509698097
06/04/18;0,997714;1,01;0,995257;1,00;2798279936;2508444527
06/03/18;0,992030;1,00;0,986847;1,00;2796300032;2507391528
06/02/18;1,00;1,01;0,986231;0,993530;3187569920;2490919612
06/01/18;0,999088;1,01;0,994694;1,00;2486080000;2509622883
05/31/18;1,00;1,01;0,994691;0,998003;2613339904;2502134053
05/30/18;0,999487;1,01;0,995158;0,999727;2429060096;2506456364
05/29/18;0,999270;1,01;0,985790;1,00;3003919872;2508845669
05/28/18;1,00;1,01;0,987478;1,00;2582710016;2513383594
05/27/18;1,00;1,01;0,991551;0,999182;1885900032;2505089972
05/26/18;1,00;1,01;0,982905;0,999890;1872140032;2506865028
05/25/18;0,999292;1,01;0,990553;1,00;2375610112;2508243955
05/24/18;1,00;1,01;0,993728;0,998818;3122710016;2504177373
05/23/18;1,00;1,01;0,996053;1,00;3360600064;2517219520
05/22/18;1,00;1,01;0,996062;1,00;2417590016;2514587022
05/21/18;0,999592;1,01;0,996845;1,00;2406449920;2514587022
05/20/18;1,00;1,00;0,990756;0,999117;2610939904;2504927008
05/19/18;1,00;1,01;0,994250;1,00;2569299968;2508043384
05/18/18;1,00;1,00;0,993732;1,00;3051709952;2509923740
05/17/18;1,00;1,01;0,996747;1,00;3026749952;2307579170
05/16/18;1,00;1,01;0,990384;0,999950;3238190080;2307025456
05/15/18;1,00;1,01;0,993853;1,00;3315440128;2209656954
05/14/18;1,00;1,01;0,989507;1,00;3820280064;2209943882
05/13/18;1,00;1,01;0,993248;1,00;3179099904;2214314021
05/12/18;0,999750;1,02;0,984735;1,00;4539990016;2209568668
05/11/18;1,00;1,01;0,982996;1,00;4733060096;2111881880
05/10/18;0,999422;1,01;0,995984;1,00;3430200064;2109964382
05/09/18;1,00;1,01;0,993117;1,00;3236689920;2108215455
05/08/18;0,998745;1,01;0,994675;1,00;3317769984;2111607952
05/07/18;0,995351;1,01;0,990850;0,997237;4137240064;2151180633
05/06/18;0,995906;1,01;0,992321;0,997202;3948859904;2190993214
05/05/18;0,999448;1,00;0,992373;0,996284;3848780032;2258716118
05/04/18;1,01;1,01;0,992204;0,998561;3844979968;2263878398
05/03/18;0,996267;1,01;0,993920;0,997973;4307829760;2312443969
05/02/18;1,00;1,00;0,992736;0,997464;3711889920;2311264544
05/01/18;1,00;1,01;0,993633;1,00;3901110016;2425576635
04/30/18;0,997553;1,01;0,992921;0,998919;4498440192;2414527884
04/29/18;0,998866;1,01;0,992304;0,998016;5167799808;2412345206
04/28/18;1,00;1,01;0,991015;0,999335;4066050048;2415533415
04/27/18;1,00;1,01;0,995122;1,00;4060179968;2427171948
04/26/18;1,00;1,01;0,992381;0,999614;4206320128;2416207797
04/25/18;1,01;1,02;0,986074;0,991809;6126580224;2397342013
04/24/18;0,998974;1,01;0,990297;1,00;5033249792;2298027604
04/23/18;0,995130;1,00;0,988780;0,997847;3075480064;2282216599
04/22/18;1,00;1,01;0,989191;0,996196;3176019968;2278440530
04/21/18;0,997071;1,01;0,993816;0,999014;3570040064;2284885693
04/20/18;0,997550;1,00;0,988285;0,998338;3458870016;2283339585
04/19/18;0,997907;1,00;0,992889;0,997185;2217799936;2280702512
04/18/18;1,00;1,01;0,983284;0,997609;2112089984;2281672260
04/17/18;0,997217;1,01;0,991320;0,998556;2075650048;2283838182
04/16/18;0,998884;1,01;0,995754;0,997592;2125180032;2281633378
04/15/18;0,996308;1,01;0,986564;0,998602;2057859968;2283943391
04/14/18;1,00;1,01;0,993994;0,999766;2060220032;2286605623
04/13/18;0,995839;1,01;0,989434;0,998895;3218919936;2284613523
04/12/18;0,996408;1,02;0,986025;0,996831;3636590080;2279892864
04/11/18;0,997593;1,00;0,992521;1,00;1741699968;2287712599
04/10/18;0,996953;1,00;0,991744;0,997356;1253949952;2281093613
04/09/18;0,997541;1,01;0,993393;0,997555;1678770048;2281548754
04/08/18;1,00;1,01;0,995091;0,996809;1090880000;2279842547
04/07/18;1,00;1,01;0,986520;0,999644;1332259968;2286326591
04/06/18;1,00;1,01;0,991376;1,00;1257110016;2289633797
04/05/18;1,00;1,01;0,987434;1,00;1609469952;2292927280
04/04/18;1,00;1,01;0,994270;1,00;1772329984;2289039140
04/03/18;0,997587;1,01;0,995073;1,00;1753520000;2287987056
04/02/18;1,00;1,01;0,988060;1,00;1550880000;2287438142
04/01/18;0,995702;1,01;0,980778;0,999810;1832530048;2286706257
03/31/18;0,997014;1,01;0,993569;1,00;1763719936;2288901912
03/30/18;0,995897;1,01;0,979633;0,998943;2596849920;2284723306
03/29/18;1,00;1,01;0,982472;0,998623;2486609920;2283991421
03/28/18;1,00;1,01;0,993721;0,999204;1857049984;2285320249
03/27/18;1,00;1,01;0,989473;1,00;2051079936;2290823110
03/26/18;0,996600;1,01;0,983682;1,00;2183960064;2294939964
03/25/18;1,00;1,01;0,994482;0,999686;1511320064;2286422651
03/24/18;1,00;1,01;0,994299;1,01;1785500032;2307953795
03/23/18;0,999221;1,01;0,990235;0,990235;1995699968;2264806883
03/22/18;0,999460;1,01;0,993468;0,998982;2171849984;2284812504
03/21/18;0,996938;1,01;0,992647;0,999244;2353890048;2215464655
03/20/18;1,01;1,01;0,989570;0,996832;2506319872;2210116911
03/19/18;0,982194;1,02;0,982194;0,989867;2638089984;2194674526
03/18/18;1,01;1,01;0,979781;1,00;2639470080;2223969607
03/17/18;1,00;1,01;0,990731;1,00;1687920000;2220732582
03/16/18;0,997509;1,01;0,989567;0,998551;1872050048;2213928176
03/15/18;1,00;1,01;0,984939;1,00;2259869952;2219978754
03/14/18;0,996581;1,02;0,991337;1,00;2151670016;2223237951
03/13/18;1,00;1,01;0,987195;0,999843;1890040064;2216792722
03/12/18;1,00;1,01;0,988530;1,00;2155559936;2222351094
03/11/18;1,00;1,01;0,994709;1,00;2394810112;2225654634
03/10/18;0,997607;1,01;0,994936;1,01;2218810112;2228647774
03/09/18;0,999723;1,01;0,988564;1,00;3131620096;2220821267
03/08/18;1,00;1,01;0,985734;1,01;2636689920;2230244116
03/07/18;0,998354;1,02;0,981378;1,00;3037380096;2222639323
03/06/18;1,01;1,01;0,996260;1,00;2491849984;2218249384
03/05/18;0,997521;1,00;0,995019;0,998864;2227680000;2214622142
03/04/18;1,00;1,00;0,995287;0,997612;2133910016;2211846281
03/03/18;0,995248;1,01;0,993477;1,00;2181489920;2219069726
03/02/18;0,998189;1,01;0,994439;0,999730;2172250112;2216542186
03/01/18;0,999847;1,01;0,995679;1,00;2285570048;2218072013
02/28/18;1,00;1,01;0,992791;0,998903;2414230016;2214708610
02/27/18;0,998677;1,01;0,991642;1,00;2473019904;2218293727
02/26/18;0,997664;1,01;0,989677;0,999561;2362210048;2216167489
02/25/18;1,00;1,01;0,996229;1,00;1968850048;2217894641
02/24/18;1,00;1,01;0,993887;1,00;2417710080;2223437493
02/23/18;1,01;1,01;0,993702;1,00;2815280128;2220621725
02/22/18;1,00;1,01;0,993998;1,00;2904620032;2226208919
02/21/18;1,01;1,01;0,988699;1,00;3459830016;2219291440
02/20/18;1,00;1,01;0,994081;1,00;3126220032;2218493269
02/19/18;1,00;1,01;0,994041;1,00;2546439936;2218493269
02/18/18;1,00;1,02;0,998832;1,01;3124179968;2228647774
02/17/18;1,00;1,01;0,996919;1,00;2797600000;2225344235
02/16/18;1,01;1,01;0,996746;1,00;2605819904;2221796809
02/15/18;1,01;1,02;0,997203;1,01;3286909952;2229135545
02/14/18;0,997715;1,01;0,993292;1,00;3066190080;2218848012
02/13/18;1,00;1,01;0,995931;1,00;2226759936;2219579668
02/12/18;1,00;1,01;0,990812;1,00;2457489920;2217340356
02/11/18;1,00;1,01;0,992728;0,999251;2431739904;2215480175
02/10/18;1,00;1,01;0,993346;1,00;2628379904;2225344235
02/09/18;1,02;1,05;0,995049;1,00;1631139968;2221818981
02/08/18;0,994970;1,03;0,987534;1,02;2466619904;2259066946
02/07/18;1,00;1,02;0,984647;1,00;3307539968;2220244811
02/06/18;0,978500;1,02;0,958318;1,01;6247249920;2239511764
02/05/18;0,995794;1,02;0,944777;0,996308;4078980096;2208955130
02/04/18;1,00;1,01;0,975209;1,01;2504640000;2239600450
02/03/18;0,994071;1,02;0,982879;1,00;2488529920;2220045268
02/02/18;0,986294;1,02;0,925144;0,990747;4785869824;2196625610
02/01/18;0,991558;1,01;0,954771;0,986939;3498899968;2188182737
01/31/18;0,992538;1,00;0,971403;0,990274;2663930112;2195576902
01/30/18;0,998672;1,01;0,975436;0,986486;3108630016;2216772953
01/29/18;0,988440;1,00;0,981718;0,995319;2031160064;2267427080
01/28/18;0,996548;1,00;0,981275;0,988790;2546639872;2252553425
01/27/18;1,00;1,01;0,992227;0,993325;2051980032;1607290067
01/26/18;0,997571;1,02;0,985767;1,00;2957009920;1624789719
01/25/18;1,01;1,01;0,987358;0,999595;2571930112;1617435496
01/24/18;1,00;1,03;0,992246;0,997484;2620630016;1614019706
01/23/18;1,00;1,02;0,984474;1,01;3126830080;1626262182
01/22/18;1,00;1,02;0,991510;1,01;3274899968;1626246001
01/21/18;1,00;1,03;0,997069;0,999861;3302010112;1617865908
01/20/18;1,01;1,01;0,991443;1,00;2942779904;1619886904
01/19/18;1,02;1,04;1,00;1,00;2876989952;1625436955
01/18/18;1,02;1,04;1,00;1,02;4302300160;1655484902
01/17/18;1,03;1,07;0,997739;1,01;5588839936;1641601683
01/16/18;1,01;1,05;0,999001;1,03;5552929792;1673348625
01/15/18;1,02;1,02;1,00;1,01;2557179904;1477808591
01/14/18;1,00;1,04;1,00;1,02;2960410112;1491755445
01/13/18;1,00;1,01;0,996576;1,00;2759879936;1471055378
01/12/18;1,01;1,02;0,997711;1,01;2668219904;1477015823
01/11/18;0,999976;1,02;0,990198;1,00;3841110016;1470600270
01/10/18;1,01;1,01;0,996446;1,00;3189860096;1469968992
01/09/18;1,01;1,01;1,00;1,01;2766180096;1476883695
01/08/18;1,01;1,04;0,997617;1,01;3815749888;1481772434
01/07/18;1,01;1,02;0,998208;1,00;2338180096;1470394738
01/06/18;1,00;1,01;0,996847;1,01;2620080128;1481287964
01/05/18;1,00;1,01;0,985915;0,998634;3096620032;1466084426
01/04/18;1,01;1,02;0,993822;1,00;3200130048;1471804104
01/03/18;1,01;1,02;1,00;1,01;2471689984;1386476964
01/02/18;1,01;1,01;0,993250;1,00;2635859968;1374793477
01/01/18;1,01;1,02;1,00;1,01;1685299968;1378049531
12/31/17;1,02;1,02;1,00;1,01;1927010048;1384862618
12/30/17;1,01;1,03;0,992842;1,02;2711059968;1397298555
12/29/17;1,01;1,02;1,00;1,01;1929090048;1375805863
12/28/17;1,00;1,03;1,00;1,01;2211409920;1276446549
12/27/17;1,00;1,01;0,996458;1,00;1939949952;1222548045
12/26/17;1,01;1,02;0,998580;1,00;1854780032;1223047462
12/25/17;1,03;1,03;1,01;1,01;1708380032;1231647176
12/24/17;1,05;1,07;1,02;1,02;2611589888;1246142445
12/23/17;1,01;1,05;1,01;1,05;2353740032;1273220583
12/22/17;1,01;1,06;0,963089;1,02;4687949824;1239954549
12/21/17;1,00;1,04;0,993811;1,01;3106720000;1229308444
12/20/17;1,01;1,02;0,989079;1,00;3751790080;1169260419
12/19/17;1,01;1,03;0,996768;1,01;3073860096;1181535444
12/18/17;1,01;1,02;0,995740;1,01;2517230080;1133586954
12/17/17;1,01;1,02;1,00;1,01;1931020032;1129357068
12/16/17;1,02;1,02;1,00;1,01;1592729984;1127320456
12/15/17;1,01;1,02;0,995525;1,02;2044499968;1035423527
12/14/17;1,03;1,05;1,01;1,01;2336179968;1027363100
12/13/17;1,08;1,09;1,02;1,03;2198139904;913163059
12/12/17;1,02;1,08;1,00;1,08;2240839936;904360019
12/11/17;1,01;1,03;0,999950;1,02;1542119936;854589510
12/10/17;1,02;1,04;0,971536;1,02;1649500032;828466156
12/09/17;1,02;1,05;0,993560;1,02;1598909952;827961465
12/08/17;1,04;1,06;0,986563;1,02;1993030016;828344053
12/07/17;1,01;1,08;1,00;1,03;1671609984;839789137
12/06/17;0,999760;1,02;0,995840;1,01;1281490048;822084260
12/05/17;1,00;1,01;0,996458;1,00;814145984;815620962
12/04/17;1,00;1,01;0,992132;1,00;668510016;817004791
12/03/17;1,00;1,03;0,985320;1,00;946748992;814554599
12/02/17;1,01;1,02;0,995611;0,999654;679950016;813735698
12/01/17;1,01;1,02;0,993043;1,01;749395968;771489437
11/30/17;1,00;1,03;0,989319;1,01;1043969984;770205888
11/29/17;1,00;1,05;0,955618;0,990606;1672120064;732076009
11/28/17;1,00;1,01;0,996048;1,00;794764032;675062335
11/27/17;1,01;1,02;0,998126;1,00;784436992;675838548
11/26/17;1,00;1,02;1,00;1,01;636451968;680826560
11/25/17;1,00;1,01;0,995076;1,01;651987968;678618400
11/24/17;1,00;1,01;0,988004;1,00;848627968;676539502
11/23/17;0,998658;1,01;0,992239;0,994631;735883008;671342933
11/22/17;0,997427;1,00;0,992789;1,00;499812000;675068075
11/21/17;1,00;1,01;0,988572;0,996047;622649024;672298686
11/20/17;1,00;1,00;0,996538;1,00;449595008;676262766
11/19/17;1,00;1,01;0,996693;1,00;485752992;676613749
11/18/17;1,00;1,01;0,996340;1,00;588136000;645504498
11/17/17;0,995758;1,01;0,995758;1,00;639398016;644913317
11/16/17;1,01;1,01;0,993232;1,00;650278976;615319850
11/15/17;1,00;1,01;1,00;1,00;449671008;595907109
11/14/17;1,01;1,01;0,996898;1,01;429857984;598075276
11/13/17;1,00;1,03;0,975103;1,01;767884032;599572201
11/12/17;1,01;1,11;0,967601;1,01;1466060032;601469616
11/11/17;1,01;1,03;0,995799;1,01;746227968;599402282
11/10/17;1,01;1,02;0,995486;1,01;756446016;567451678
11/09/17;1,01;1,01;0,996515;1,01;358188000;538430292
11/08/17;1,00;1,04;0,994842;1,01;526848992;499970645
11/07/17;0,999882;1,01;0,997083;1,01;255132992;516971256
11/06/17;1,00;1,01;0,993269;1,00;308963008;495731596
11/05/17;1,00;1,01;0,995977;0,998800;234616000;493468793
11/04/17;1,00;1,01;0,994864;1,00;285312000;495094256
11/03/17;0,999063;1,01;0,996363;1,01;358886016;490139897
11/02/17;0,999853;1,04;0,996339;1,00;425129984;452513729
11/01/17;1,00;1,00;0,995643;1,00;246324000;452762363
10/31/17;0,998327;1,00;0,996871;1,00;184182000;452382631
10/30/17;1,00;1,00;0,994665;1,00;169424992;452323863
10/29/17;1,00;1,01;0,991302;1,00;618257024;452563456
10/28/17;0,999838;1,01;0,998318;1,00;120414000;438792431
10/27/17;0,999916;1,01;0,996415;1,00;144634000;437092262
10/26/17;1,00;1,01;0,997739;0,999868;162258000;437003975
10/25/17;1,00;1,01;0,995853;1,00;171432992;438049427
10/24/17;0,994611;1,02;0,985114;1,00;257372000;438263085
10/23/17;1,00;1,01;0,993556;0,996536;203487008;435547187
10/22/17;0,999920;1,01;0,996909;1,00;166215008;437904695
10/21/17;1,00;1,01;0,992774;1,00;171818000;437467634
10/20/17;1,00;1,01;0,997444;1,00;185163008;437507375
10/19/17;1,00;1,01;0,996000;1,00;150674000;437350138
10/18/17;0,998946;1,01;0,991487;1,00;253904000;438233002
10/17/17;0,998252;1,02;0,981165;0,999335;216808000;436771031
10/16/17;0,998000;1,01;0,984020;0,998010;204158000;436191924
10/15/17;1,00;1,01;0,992759;0,999242;209190000;436730384
10/14/17;1,00;1,00;0,995903;0,999709;139468000;436934492
10/13/17;1,00;1,02;0,992697;1,00;319484992;437083430
10/12/17;0,999843;1,00;0,990707;0,997423;216202000;435935269
10/11/17;0,997962;1,00;0,997106;0,998625;85384600;436460617
10/10/17;1,00;1,00;0,996522;0,999441;137687008;436817260
10/09/17;0,998897;1,01;0,994415;0,999780;178567008;436965424
10/08/17;0,998110;1,00;0,995330;0,998442;123005000;436380635
10/07/17;0,999588;1,00;0,992831;0,999320;89544096;436764375
10/06/17;1,00;1,01;0,998001;1,00;92153696;437537969
10/05/17;1,00;1,01;0,996433;1,00;119952000;437192691
10/04/17;1,00;1,01;0,997725;1,00;114903000;437607899
10/03/17;1,00;1,01;0,998800;1,00;137567008;437114020
10/02/17;0,998088;1,00;0,995807;1,00;126009000;437804577
10/01/17;0,997266;1,00;0,994993;0,999924;103007000;437028355
09/30/17;1,00;1,00;0,993904;0,996488;117411000;435526612
09/29/17;0,998357;1,02;0,994503;0,999863;205406000;437001795
09/28/17;1,00;1,01;0,995264;1,00;232499008;427826113
09/27/17;1,00;1,00;0,991286;1,00;201224000;427334992
09/26/17;1,00;1,01;0,995946;1,00;103839000;428167762
09/25/17;1,00;1,01;0,984388;1,00;160336992;443056463
09/24/17;1,00;1,01;0,999100;1,00;91337904;443777707
09/23/17;1,00;1,01;0,997654;1,00;118296000;443406023
09/22/17;1,01;1,01;0,998901;1,00;164432000;444512231
09/21/17;0,997446;1,02;0,994434;1,00;231706000;444569754
09/20/17;1,00;1,00;0,988993;1,00;137763008;444490107
09/19/17;1,00;1,01;0,995487;1,00;163298000;443299833
09/18/17;1,00;1,01;0,992399;1,00;214648000;443547622
09/17/17;1,01;1,01;0,992028;1,01;119083000;445388344
09/16/17;1,00;1,04;0,991210;1,00;233444992;443361780
09/15/17;1,00;1,03;0,966404;1,01;540294976;444857367
09/14/17;1,00;1,03;0,979949;1,00;356495008;420011024
09/13/17;1,00;1,02;0,991963;1,00;257404000;414751291
09/12/17;1,00;1,02;0,996226;1,01;162774000;405836067
09/11/17;1,00;1,02;0,990974;1,00;125845000;404132451
09/10/17;1,00;1,02;0,996180;1,01;163772992;405897935
09/09/17;1,01;1,01;0,998370;1,00;119580000;404202404
09/08/17;1,00;1,05;0,997327;1,01;319590016;396410360
09/07/17;1,00;1,01;0,995770;1,00;166452992;394229274
09/06/17;1,01;1,05;1,00;1,01;192688992;387158941
09/05/17;1,03;1,04;0,999893;1,00;271614016;386827672
09/04/17;1,00;1,05;0,997741;1,03;375472992;381507840
09/03/17;1,01;1,03;0,999620;1,00;188687008;364809999
09/02/17;1,00;1,04;0,998739;1,02;345971008;350148972
09/01/17;1,00;1,01;1,00;1,00;199664000;320894490
08/31/17;1,00;1,01;0,999514;1,00;109217000;320495344
08/30/17;1,00;1,01;0,996119;1,00;114992000;319734936
08/29/17;1,00;1,02;0,995690;1,00;132123000;319984145
08/28/17;1,00;1,01;0,995565;1,00;130785000;319837227
08/27/17;1,00;1,01;0,997090;1,00;104722000;320440602
08/26/17;1,00;1,01;0,995768;0,998932;98081296;319160041
08/25/17;1,00;1,02;0,998112;1,00;116308000;320415042
08/24/17;0,999332;1,01;0,990714;1,00;132330000;321073265
08/23/17;1,00;1,01;0,991684;1,00;195159008;320143516
08/22/17;1,00;1,02;0,990916;1,01;241915008;321584467
08/21/17;0,999538;1,01;0,990459;0,999263;208830000;319265846
08/20/17;0,997167;1,02;0,983909;0,996629;133754000;318424279
08/19/17;1,01;1,04;0,980183;1,00;281632992;320376752
08/18/17;1,01;1,03;0,984905;1,01;255272000;323760271
08/17/17;1,00;1,01;0,989070;1,01;166152000;322041354
08/16/17;0,998963;1,01;0,991915;1,00;121473000;319884704
08/15/17;1,00;1,02;0,994513;1,00;213099008;319990139
08/14/17;0,995682;1,01;0,990626;0,998163;125445000;318914378
08/13/17;1,00;1,02;0,980414;0,998616;198568992;319059012
08/12/17;1,00;1,01;0,995213;1,00;130896000;319862238
08/11/17;0,996635;1,01;0,988428;1,00;111829000;319785558
08/10/17;0,998799;1,01;0,988217;0,992991;91695000;317261818
08/09/17;0,999236;1,01;0,993707;1,00;140568992;320414975
08/08/17;0,994220;1,01;0,989566;1,00;130482000;319983649
08/07/17;0,999468;1,01;0,990056;0,996254;110170000;318304351
08/06/17;1,00;1,01;0,993119;1,00;103532000;319833483
08/05/17;1,00;1,03;0,991505;0,998314;173138000;318962523
08/04/17;0,968452;1,01;0,966326;1,00;59432500;320891027
08/03/17;1,00;1,01;0,955404;0,969304;57242700;309693788
08/02/17;0,996581;1,01;0,985239;1,00;84592704;319958100
08/01/17;1,00;1,02;0,988123;0,996819;170044992;318484880
07/31/17;1,00;1,01;0,995719;1,00;75184896;319795154
07/30/17;0,996776;1,00;0,991188;0,998868;60213000;319139538
07/29/17;0,999755;1,01;0,993449;0,996619;73768304;318420979
07/28/17;0,996060;1,01;0,990485;1,00;116290000;320121045
07/27/17;0,998839;1,01;0,991769;0,997275;79850000;318630572
07/26/17;0,998645;1,01;0,989915;0,996955;111957000;318528431
07/25/17;0,994284;1,02;0,984754;0,999802;220992000;319438052
07/24/17;0,999919;1,00;0,988839;0,993997;75766896;317583347
07/23/17;0,994773;1,01;0,990375;0,997761;114229000;318785949
07/22/17;0,999612;1,00;0,986424;0,993200;131558000;317328704
07/21/17;0,998636;1,02;0,984893;0,997202;168919008;318607353
07/20/17;0,990980;1,02;0,976702;0,986866;278993984;315304973
07/19/17;1,00;1,03;0,980136;1,00;199312000;310457677
07/18/17;0,995021;1,02;0,982123;0,998216;238396000;308949168
07/17/17;0,988208;1,01;0,983970;0,996888;171476000;293584830
07/16/17;1,00;1,02;0,969665;0,999161;177914000;294234258
07/15/17;1,00;1,02;0,988486;1,00;125229000;295061456
07/14/17;1,00;1,01;0,994217;1,00;93146704;290349772
07/13/17;0,999669;1,02;0,999410;1,00;104236000;290590042
07/12/17;1,01;1,02;0,995490;0,997456;131420000;268297015
07/11/17;1,02;1,04;0,998774;1,01;173424000;262164133
07/10/17;1,01;1,02;0,991515;1,01;132682000;236849455
07/09/17;0,999601;1,01;0,998527;1,01;45640800;222163568
07/08/17;1,01;1,02;0,997497;0,999725;62607300;219920858
07/07/17;1,00;1,02;1,00;1,01;84663200;221739004
07/06/17;0,995936;1,01;0,995936;1,00;44331000;220773286
07/05/17;1,00;1,02;0,994445;0,996460;66727600;219201850
07/04/17;0,999601;1,01;0,987214;0,998828;87707904;219722764
07/03/17;1,01;1,02;0,992834;1,00;87514200;220145567
07/02/17;1,02;1,03;1,01;1,02;76519200;224437398
07/01/17;1,01;1,04;1,01;1,02;82133800;219273754
06/30/17;1,02;1,02;0,997355;1,01;72550400;216233928
06/29/17;1,01;1,04;1,00;1,02;101103000;218807246
06/28/17;1,01;1,04;0,995934;1,01;128750000;146399765
06/27/17;1,01;1,06;0,988021;1,01;171804992;145725492
06/26/17;1,01;1,06;0,970667;1,01;195886000;146155233
06/25/17;1,02;1,04;0,998245;1,01;102005000;146596549
06/24/17;1,01;1,04;1,00;1,02;79286600;147660048
06/23/17;0,972496;1,01;0,969362;1,01;41182300;145561988
06/22/17;0,981174;0,995994;0,967955;0,972902;63105300;140772912
06/21/17;0,975087;0,997024;0,951189;0,981361;108254000;141996877
06/20/17;0,986156;0,990411;0,956381;0,975272;88767296;141115836
06/19/17;1,00;1,01;0,982742;0,986406;75733696;125760665
06/18/17;0,988674;1,04;0,976657;1,00;114519000;127853348
06/17/17;1,02;1,03;0,978804;0,988584;104554000;126038346
06/16/17;1,01;1,05;1,01;1,02;109032000;129485269
06/15/17;1,03;1,06;0,995499;1,02;243107008;129716033
06/14/17;1,01;1,06;1,01;1,03;139975008;130701560
06/13/17;1,03;1,04;1,00;1,01;105293000;128563489
06/12/17;1,01;1,09;1,00;1,02;211119008;129758106
06/11/17;1,02;1,03;0,996783;1,01;84910496;128535440
06/10/17;0,999158;1,03;0,998310;1,02;80163296;130600840
06/09/17;1,00;1,01;0,998157;1,00;58031200;127579236
06/08/17;1,02;1,03;1,00;1,00;65560000;128100686
06/07/17;1,00;1,03;0,996593;1,01;97386096;105936533
06/06/17;1,02;1,04;0,995467;1,00;152408000;105500809
06/05/17;1,01;1,03;1,01;1,02;49132500;106757584
06/04/17;1,02;1,03;1,01;1,01;49194800;106215816
06/03/17;1,03;1,04;1,02;1,02;43629000;107431643
06/02/17;1,03;1,05;1,02;1,02;49197100;107500939
06/01/17;1,04;1,05;1,02;1,03;100614000;108203347
05/31/17;1,01;1,06;1,01;1,04;84739904;108802861
05/30/17;1,02;1,04;1,00;1,01;108331000;105992180
05/29/17;1,04;1,05;1,01;1,02;80508896;107261554
05/28/17;1,02;1,11;1,02;1,04;110026000;109449622
05/27/17;1,05;1,21;1,00;1,02;186683008;107480990
05/26/17;1,02;1,10;1,01;1,04;125946000;98433411
05/25/17;1,02;1,10;1,00;1,04;144036000;70897554
05/24/17;1,01;1,05;0,998946;1,02;87804800;69547450
05/23/17;1,01;1,03;1,00;1,01;59043000;64800006
05/22/17;1,00;1,04;0,983247;1,01;79739904;62884751
05/21/17;0,992749;1,00;0,986412;1,00;46162600;62399255
05/20/17;0,998833;1,01;0,982135;0,993431;42299800;61983383
05/19/17;0,967244;1,00;0,962212;1,00;53721400;62469137
05/18/17;0,961148;0,980207;0,950662;0,967143;44705600;60346099
05/17/17;0,952963;0,987525;0,919398;0,970429;60057700;60551133
05/16/17;0,970698;0,986720;0,956610;0,958591;53097800;59812491
05/15/17;0,980577;0,992408;0,967298;0,967298;37380700;60353217
05/14/17;0,972775;0,993730;0,970647;0,981106;23922200;61217245
05/13/17;0,981353;0,988520;0,963115;0,973648;28873700;60751894
05/12/17;0,975099;0,998678;0,960650;0,976070;42850000;60903018
05/11/17;0,979820;0,995306;0,965893;0,983721;46800700;61380411
05/10/17;0,970483;0,990120;0,970483;0,982000;45884200;61273023
05/09/17;0,967255;0,970504;0,967255;0,970487;62186400;60558339
05/08/17;0,968962;0,968962;0,967203;0,967260;85211504;60360766
05/07/17;0,968638;0,969836;0,968638;0,968990;72995504;60468127
05/06/17;0,955667;0,968619;0,955667;0,968619;44047300;60444975
05/05/17;0,945975;0,955601;0,945975;0,955601;69583296;59632610
05/04/17;0,933356;0,945931;0,933356;0,945931;56022400;59029170
05/03/17;0,932612;0,933930;0,932392;0,933351;33500300;57342737
05/02/17;0,935857;0,935857;0,932468;0,932607;22268100;58811372
05/01/17;0,936855;0,937218;0,935871;0,935871;44582500;58977841
04/30/17;0,937189;0,937196;0,935584;0,936854;23739900;59033935
04/29/17;0,934557;0,937409;0,934557;0,937193;26533600;59055943
04/28/17;0,924343;0,934542;0,924335;0,934542;26494600;58064952
04/27/17;0,921049;0,924415;0,921046;0,924351;24062800;57450802
04/26/17;0,913539;0,921050;0,913539;0,921050;18772400;57277758
04/25/17;0,917876;0,917876;0,913595;0,913595;12707000;59158556
04/24/17;0,921308;0,921308;0,917890;0,917890;15265400;50231004
04/23/17;0,940741;0,940741;0,921333;0,921333;17298600;50424596
04/22/17;0,984000;0,984000;0,940929;0,940929;14711900;51499128
04/21/17;0,998269;0,998269;0,984169;0,984169;15935100;53875598
04/20/17;0,999525;0,999691;0,997830;0,998275;20548000;54688779
04/19/17;0,999617;0,999622;0,999175;0,999523;18244800;54798622
04/18/17;0,999294;0,999793;0,999294;0,999616;26367700;60720448
04/17/17;0,999435;0,999498;0,997826;0,999288;17280800;50707644
04/16/17;0,999939;0,999946;0,999458;0,999458;7208670;50716270
04/15/17;0,999031;0,999949;0,999000;0,999939;14030700;50740678
04/14/17;0,999618;0,999755;0,998664;0,998986;14768200;50692319
04/13/17;0,999558;0,999731;0,999306;0,999612;24018200;50724085
04/12/17;0,999842;0,999934;0,999562;0,999562;20964000;50721548
04/11/17;0,999934;0,999937;0,999530;0,999843;12213800;54942244
04/10/17;0,999960;0,999985;0,999591;0,999931;12279500;54947076
04/09/17;0,999714;0,999967;0,997950;0,999960;18951900;54948670
04/08/17;0,999874;0,999958;0,998663;0,999716;14282200;54935261
04/07/17;0,999937;0,999965;0,999781;0,999873;21336300;54943889
04/06/17;1,00;1,00;0,999939;0,999939;33731600;54947516
04/05/17;1,00;1,00;0,999953;1,00;26734200;54956912
04/04/17;0,999771;1,00;0,999694;1,00;26434800;54951967
04/03/17;1,00;1,00;0,999122;0,999752;42028500;54937240
04/02/17;0,999582;1,00;0,999245;1,00;45911500;55003071
04/01/17;1,00;1,00;0,997387;0,999586;15118800;54928118
03/31/17;0,999985;1,00;0,999918;1,00;34115800;54950856
03/30/17;0,999948;1,00;0,999864;0,999986;25009900;54950083
03/29/17;1,00;1,00;0,999831;0,999947;16816300;54947940
03/28/17;1,00;1,00;1,00;1,00;15602800;44951302
03/27/17;1,00;1,00;1,00;1,00;19270700;44951302
03/26/17;0,999915;1,00;0,999915;1,00;16614300;44951302
03/25/17;0,999898;1,00;0,999869;0,999916;28141600;44947087
03/24/17;1,00;1,00;0,999893;0,999896;33351200;44946188
03/23/17;1,00;1,00;1,00;1,00;12763900;44954009
03/22/17;1,00;1,00;1,00;1,00;22713300;44952661
03/21/17;1,00;1,00;0,999986;1,00;21556400;44952211
03/20/17;1,00;1,00;1,00;1,00;16075100;44960302
03/19/17;1,00;1,00;0,999970;1,00;33106500;44953110
03/18/17;1,00;1,00;0,999937;1,00;49039900;44952211
03/17/17;1,00;1,00;1,00;1,00;46381300;44952211
03/16/17;1,00;1,00;1,00;1,00;39496700;34951411
03/15/17;1,00;1,00;1,00;1,00;20476500;34950712
03/14/17;1,00;1,00;1,00;1,00;13773800;34951062
03/13/17;1,00;1,00;0,999995;1,00;25101200;34951776
03/12/17;1,00;1,00;1,00;1,00;13039200;34953174
03/11/17;0,999991;1,00;0,999991;1,00;15269400;34951776
03/10/17;0,999905;1,00;0,999875;0,999990;26308800;34950028
03/09/17;1,00;1,00;0,999876;0,999906;9560830;34947092
03/08/17;1,00;1,00;1,00;1,00;11995300;34950727
03/07/17;1,00;1,00;1,00;1,00;10782500;34951077
03/06/17;1,00;1,00;1,00;1,00;4261790;24951875
03/05/17;1,00;1,00;1,00;1,00;6111390;24951244
03/04/17;1,00;1,00;0,999998;1,00;6427490;24951244
03/03/17;1,00;1,00;1,00;1,00;12268600;24950994
03/02/17;0,999999;1,00;0,999999;1,00;14420000;24950994
03/01/17;0,999972;1,00;0,999939;0,999998;11999700;24950945
02/28/17;1,00;1,00;0,999886;0,999970;5557310;24950246
02/27/17;1,00;1,00;0,999984;1,00;3063750;24952741
02/26/17;1,00;1,00;0,999843;1,00;2280940;24951236
02/25/17;0,999998;1,00;0,999998;1,00;3747980;24951994
02/24/17;0,999997;0,999998;0,999997;0,999998;10607500;24950946
02/23/17;0,999971;0,999997;0,999906;0,999997;3150010;24950921
02/22/17;0,999771;0,999998;0,999145;0,999967;1763290;24950173
02/21/17;0,999997;1,00;0,999641;0,999760;4595170;24945008
02/20/17;0,999897;1,00;0,999896;0,999997;2550470;24950921
02/19/17;1,00;1,00;0,999898;0,999898;1071870;24948451
02/18/17;1,00;1,00;1,00;1,00;1404980;24951246
02/17/17;1,00;1,00;1,00;1,00;2135320;24951495
02/16/17;1,00;1,00;1,00;1,00;1565660;24952244
02/15/17;1,00;1,00;1,00;1,00;1654380;24995159
02/14/17;1,00;1,00;1,00;1,00;2438910;24950996
02/13/17;0,999999;1,00;0,999999;1,00;1347810;24950996
02/12/17;0,999999;0,999999;0,999999;0,999999;1105600;24950971
02/11/17;0,999999;0,999999;0,999999;0,999999;1685670;24950971
02/10/17;0,999999;0,999999;0,999999;0,999999;3640970;24950971
02/09/17;0,999999;0,999999;0,999999;0,999999;8872190;24950971
02/08/17;0,999999;0,999999;0,999999;0,999999;3003910;24950971
02/07/17;0,999998;0,999999;0,999998;0,999999;2216310;24950997
02/06/17;0,999999;0,999999;0,999998;0,999998;1129720;24951541
02/05/17;0,999999;0,999999;0,999999;0,999999;2141090;24951566
02/04/17;0,999998;0,999999;0,999998;0,999999;2837660;24951566
02/03/17;0,999994;0,999998;0,999994;0,999998;2994180;24951541
02/02/17;0,999999;0,999999;0,849809;0,999994;3494060;24951441
02/01/17;0,999997;0,999999;0,999997;0,999999;3435630;24951566
01/31/17;1,00;1,00;0,999979;0,999997;2762940;24951516
01/30/17;1,00;1,00;0,999994;1,00;681519;14956375
01/29/17;1,00;1,00;1,00;1,00;745036;14951740
01/28/17;1,00;1,00;1,00;1,00;1560910;14951740
01/27/17;1,00;1,00;1,00;1,00;1360880;14951740
01/26/17;1,00;1,00;1,00;1,00;1814250;14951740
01/25/17;1,00;1,00;1,00;1,00;1565260;14951740
01/24/17;1,00;1,00;1,00;1,00;3160230;14951740
01/23/17;1,00;1,00;1,00;1,00;2533860;14951740
01/22/17;1,00;1,00;1,00;1,00;2629330;14951740
01/21/17;1,00;1,00;1,00;1,00;2455610;14951740
01/20/17;1,00;1,00;1,00;1,00;2085240;14951720
01/19/17;1,00;1,00;1,00;1,00;2241690;14951720
01/18/17;1,00;1,00;1,00;1,00;3458060;14951720
01/17/17;1,00;1,00;1,00;1,00;4345620;14951720
01/16/17;1,00;1,00;1,00;1,00;1223000;14951720
01/15/17;1,00;1,00;1,00;1,00;1334200;14951870
01/14/17;1,00;1,00;1,00;1,00;1533240;14952019
01/13/17;1,00;1,00;1,00;1,00;2739310;14951720
01/12/17;1,00;1,00;1,00;1,00;5552980;14951720
01/11/17;1,00;1,00;1,00;1,00;9628470;14951720
01/10/17;1,00;1,00;1,00;1,00;1379840;14951720
01/09/17;1,00;1,00;1,00;1,00;2717290;14951740
01/08/17;1,00;1,00;1,00;1,00;3800480;14951740
01/07/17;1,00;1,00;1,00;1,00;5932450;14951740
01/06/17;1,00;1,00;1,00;1,00;7969720;14951740
01/05/17;1,00;1,00;1,00;1,00;13406600;14951739
01/04/17;1,00;1,00;1,00;1,00;7463910;9951689
01/03/17;1,00;1,00;1,00;1,00;3267910;9951689
01/02/17;1,00;1,00;1,00;1,00;3107780;9951689
01/01/17;1,00;1,00;1,00;1,00;1946000;9951689
12/31/16;1,00;1,00;1,00;1,00;77544;9951689
12/30/16;1,00;1,00;1,00;1,00;2515800;9951789
12/29/16;1,00;1,00;1,00;1,00;2794880;6951729
12/28/16;1,00;1,00;1,00;1,00;2943940;6951868
12/27/16;1,00;1,00;1,00;1,00;2108650;6951659
12/26/16;1,00;1,00;1,00;1,00;1279530;6951659
12/25/16;1,00;1,00;1,00;1,00;1911330;6951659
12/24/16;1,00;1,00;1,00;1,00;1808220;6951659
12/23/16;1,00;1,00;1,00;1,00;2873180;6952771
12/22/16;1,00;1,00;1,00;1,00;1247890;6951590
12/21/16;1,00;1,00;1,00;1,00;821307;6951590
12/20/16;1,00;1,00;1,00;1,00;41263;6951590
12/19/16;1,00;1,00;1,00;1,00;403551;6951590
12/18/16;1,00;1,00;1,00;1,00;430745;6951659
12/17/16;1,00;1,00;1,00;1,00;372542;6951798
12/16/16;1,00;1,00;1,00;1,00;20722;6951798
12/15/16;1,00;1,00;1,00;1,00;388753;6951590
12/14/16;1,00;1,00;1,00;1,00;585908;6951590
12/13/16;1,00;1,00;1,00;1,00;923361;6951590
12/12/16;1,00;1,00;1,00;1,00;735546;6951590
12/11/16;1,00;1,00;1,00;1,00;419496;6951590
12/10/16;1,00;1,00;0,999954;1,00;289281;6951590
12/09/16;1,00;1,00;1,00;1,00;257304;6951590
12/08/16;1,00;1,00;1,00;1,00;424174;6951590
12/07/16;1,00;1,00;1,00;1,00;677377;6951590
12/06/16;1,00;1,00;0,999994;1,00;2074660;6951590
12/05/16;1,00;1,00;1,00;1,00;1166450;6951729
12/04/16;1,00;1,00;0,999974;1,00;338054;6952841
12/03/16;1,00;1,00;1,00;1,00;56621;6951729
12/02/16;1,00;1,00;1,00;1,00;1548020;6951590
12/01/16;1,00;1,00;1,00;1,00;91666;6951590
11/30/16;1,00;1,00;1,00;1,00;517118;6951590
11/29/16;1,00;1,00;1,00;1,00;602186;6951590
11/28/16;1,00;1,00;1,00;1,00;293938;6951590
11/27/16;1,00;1,00;1,00;1,00;369032;6951590
11/26/16;1,00;1,00;1,00;1,00;398097;6951590
11/25/16;1,00;1,00;1,00;1,00;447527;6951590
11/24/16;1,00;1,00;1,00;1,00;1157470;6951590
11/23/16;1,00;1,00;1,00;1,00;533171;6951590
11/22/16;1,00;1,00;1,00;1,00;996653;6951590
11/21/16;1,00;1,00;1,00;1,00;2210850;6951590
11/20/16;1,00;1,00;1,00;1,00;1149160;6951590
11/19/16;1,00;1,00;1,00;1,00;444691;6951590
11/18/16;1,00;1,00;1,00;1,00;566442;6951590
11/17/16;1,00;1,00;1,00;1,00;987757;6951590
11/16/16;1,00;1,00;1,00;1,00;1524490;6951590
11/15/16;1,00;1,00;1,00;1,00;2252560;6951590
11/14/16;1,00;1,00;1,00;1,00;389749;6951590
11/13/16;1,00;1,00;1,00;1,00;898023;6951590
11/12/16;1,00;1,00;1,00;1,00;670202;6951590
11/11/16;0,999997;1,00;0,999997;1,00;661204;6951589
11/10/16;1,00;1,00;0,999997;0,999997;481368;6951568
11/09/16;1,00;1,00;1,00;1,00;1916180;6951589
11/08/16;1,00;1,00;1,00;1,00;768255;6951589
11/07/16;1,00;1,00;1,00;1,00;589834;6951589
11/06/16;1,00;1,00;1,00;1,00;931269;6951589
11/05/16;1,00;1,00;1,00;1,00;417538;6951589
11/04/16;1,00;1,00;1,00;1,00;1256100;6951589
11/03/16;1,00;1,00;1,00;1,00;2399930;6951589
11/02/16;1,00;1,00;1,00;1,00;1449000;6951589
11/01/16;1,00;1,00;1,00;1,00;2244990;6951589
10/31/16;1,00;1,00;1,00;1,00;1022220;6951590
10/30/16;1,00;1,00;1,00;1,00;1550060;6951590
10/29/16;1,00;1,00;1,00;1,00;2077010;6951590
10/28/16;1,00;1,00;1,00;1,00;874147;6951590
10/27/16;1,00;1,00;1,00;1,00;747629;6951590
10/26/16;1,00;1,00;1,00;1,00;762026;6951590
10/25/16;1,00;1,00;1,00;1,00;552686;6951590
10/24/16;1,00;1,00;1,00;1,00;274414;6951590
10/23/16;1,00;1,00;1,00;1,00;633006;6951590
10/22/16;1,00;1,00;1,00;1,00;794533;6951590
10/21/16;1,00;1,00;1,00;1,00;185916;6951590
10/20/16;1,00;1,00;1,00;1,00;205344;6951591
10/19/16;1,00;1,00;1,00;1,00;410009;6951591
10/18/16;1,00;1,00;1,00;1,00;321977;6951591
10/17/16;1,00;1,00;1,00;1,00;1045550;6951591
10/16/16;1,00;1,00;1,00;1,00;292196;6951591
10/15/16;0,999999;1,00;0,999999;1,00;278547;6951591
10/14/16;1,00;1,00;0,999999;0,999999;233907;6951584
10/13/16;1,00;1,00;1,00;1,00;359664;6951591
10/12/16;1,00;1,00;1,00;1,00;485002;6951591
10/11/16;1,00;1,00;1,00;1,00;1153880;6951591
10/10/16;1,00;1,00;1,00;1,00;346058;6951591
10/09/16;1,00;1,00;1,00;1,00;254639;6951591
10/08/16;1,00;1,00;1,00;1,00;369612;6951591
10/07/16;1,00;1,00;1,00;1,00;50184;6951591
10/06/16;1,00;1,00;1,00;1,00;406883;6951591
10/05/16;1,00;1,00;1,00;1,00;753062;6951591
10/04/16;0,999998;1,00;0,999998;1,00;462509;6951591
10/03/16;0,999998;0,999998;0,999997;0,999998;335206;6951577
10/02/16;1,00;1,00;0,999998;0,999998;263174;6951577
10/01/16;1,00;1,00;1,00;1,00;365091;6951591
09/30/16;1,00;1,00;1,00;1,00;402548;6951591
09/29/16;1,00;1,00;1,00;1,00;289768;6951591
09/28/16;1,00;1,00;1,00;1,00;243485;6951591
09/27/16;1,00;1,00;1,00;1,00;370561;6951591
09/26/16;1,00;1,00;1,00;1,00;47918;6951591
09/25/16;0,999999;1,00;0,999999;1,00;204381;6951591
09/24/16;0,999999;0,999999;0,999999;0,999999;273642;6951584
09/23/16;0,999999;0,999999;0,999999;0,999999;907263;6951584
09/22/16;0,999989;0,999999;0,999989;0,999999;74861;6951584
09/21/16;0,999999;0,999999;0,999987;0,999988;1023360;6951508
09/20/16;0,999999;0,999999;0,999999;0,999999;1590290;6951584
09/19/16;0,999923;0,999999;0,999923;0,999999;518342;6951584
09/18/16;0,999999;1,00;0,999888;0,999923;579543;6951056
09/17/16;0,999999;0,999999;0,999999;0,999999;243461;6951584
09/16/16;0,999993;0,999999;0,999993;0,999999;719125;6951584
09/15/16;1,00;1,00;0,999993;0,999993;774746;6951542
09/14/16;1,00;1,00;1,00;1,00;845294;6951591
09/13/16;1,00;1,00;1,00;1,00;1503640;6951660
09/12/16;1,00;1,00;1,00;1,00;982954;6956457
09/11/16;1,00;1,00;1,00;1,00;968191;6951591
09/10/16;1,00;1,00;1,00;1,00;301128;6951591
09/09/16;1,00;1,00;1,00;1,00;592391;6951591
09/08/16;1,00;1,00;1,00;1,00;960491;6951591
09/07/16;1,00;1,00;1,00;1,00;1727020;6951591
09/06/16;1,00;1,00;1,00;1,00;1149260;6951591
09/05/16;1,00;1,00;1,00;1,00;1536980;6951591
09/04/16;1,00;1,00;1,00;1,00;1248710;6951591
09/03/16;1,00;1,00;1,00;1,00;2641030;6951591
09/02/16;1,00;1,00;1,00;1,00;1472930;6951591
09/01/16;1,00;1,00;1,00;1,00;838378;6951591
08/31/16;1,00;1,00;1,00;1,00;908476;6951591
08/30/16;1,00;1,00;1,00;1,00;1062640;6951591
08/29/16;1,00;1,00;1,00;1,00;1591130;6951591
08/28/16;1,00;1,00;1,00;1,00;1215110;6951591
08/27/16;1,00;1,00;1,00;1,00;555019;6951591
08/26/16;1,00;1,00;1,00;1,00;73123;6951591
08/25/16;1,00;1,00;1,00;1,00;965926;6951591
08/24/16;1,00;1,00;1,00;1,00;546685;6951591
08/23/16;1,00;1,00;1,00;1,00;1240630;6951591
08/22/16;1,00;1,00;1,00;1,00;1041420;6951591
08/21/16;1,00;1,00;1,00;1,00;281378;6951591
08/20/16;1,00;1,00;1,00;1,00;603297;6951591
08/19/16;1,00;1,00;1,00;1,00;1258110;6951591
08/18/16;1,00;1,00;1,00;1,00;849307;6951591
08/17/16;1,00;1,00;1,00;1,00;2394770;6951591
08/16/16;0,999999;1,00;0,999999;1,00;2197340;6951591
08/15/16;0,999999;0,999999;0,999999;0,999999;1680290;6951584
08/14/16;0,999999;0,999999;0,999999;0,999999;1274390;6951584
08/13/16;0,962058;0,999999;0,962058;0,999999;593801;6951584
08/12/16;0,962372;0,962372;0,962058;0,962058;91239;6687834
08/11/16;0,973424;0,973424;0,962375;0,962375;1162530;6690037
08/10/16;0,999557;1,00;0,973560;0,973560;1457520;6767791
08/09/16;0,999557;0,999557;0,999557;0,999557;1735260;6948511
08/08/16;0,999557;0,999557;0,999557;0,999557;613117;6948511
08/07/16;0,999557;0,999557;0,999557;0,999557;1205650;6948511
08/06/16;0,999831;0,999831;0,999557;0,999557;879406;6948511
08/05/16;0,999996;0,999996;0,999833;0,999833;62323;6950430
08/04/16;0,999996;0,999996;0,999996;0,999996;2005600;6951563
08/03/16;0,999995;0,999996;0,999995;0,999996;4139570;6951563
08/02/16;0,999999;1,00;0,999995;0,999995;7399410;6951556
08/01/16;0,999962;0,999999;0,999959;0,999999;1944300;6951584
07/31/16;1,00;1,00;0,999963;0,999963;893038;6951334
07/30/16;1,00;1,00;1,00;1,00;158622;6951661
07/29/16;1,00;1,00;1,00;1,00;351932;6952147
07/28/16;1,00;1,00;1,00;1,00;1369300;6951591
07/27/16;1,00;1,00;1,00;1,00;928283;6951591
07/26/16;0,999999;1,00;0,999999;1,00;1867980;6951591
07/25/16;1,00;1,00;0,999994;0,999999;1425810;6951584
07/24/16;1,00;1,00;1,00;1,00;1208880;6951591
07/23/16;1,00;1,00;1,00;1,00;618298;6951591
07/22/16;1,00;1,00;1,00;1,00;1537170;6951591
07/21/16;1,00;1,00;1,00;1,00;313139;6951591
07/20/16;1,00;1,00;1,00;1,00;1571990;6951591
07/19/16;1,00;1,00;1,00;1,00;798546;6951661
07/18/16;1,00;1,00;1,00;1,00;1131710;6951591
07/17/16;1,00;1,00;1,00;1,00;333668;6951591
07/16/16;1,00;1,00;1,00;1,00;289175;6951591
07/15/16;1,00;1,00;1,00;1,00;581262;6951591
07/14/16;1,00;1,00;1,00;1,00;640118;6951591
07/13/16;1,00;1,00;1,00;1,00;368649;6951591
07/12/16;1,00;1,00;1,00;1,00;88871;6951591
07/11/16;0,999999;1,00;0,999999;1,00;651964;5952543
07/10/16;0,999999;0,999999;0,999999;0,999999;284642;5951585
07/09/16;0,999999;0,999999;0,999999;0,999999;878486;5951585
07/08/16;0,999991;0,999999;0,999989;0,999999;1277010;5951585
07/07/16;1,00;1,00;0,999989;0,999991;1875330;5951537
07/06/16;1,00;1,00;1,00;1,00;567909;5951591
07/05/16;1,00;1,00;1,00;1,00;1405480;5951591
07/04/16;1,00;1,00;1,00;1,00;1703670;5951591
07/03/16;1,00;1,00;1,00;1,00;1161670;5951591
07/02/16;1,00;1,00;1,00;1,00;561867;5951591
07/01/16;1,00;1,00;1,00;1,00;98515;5951591
06/30/16;1,00;1,00;1,00;1,00;1322550;5951591
06/29/16;1,00;1,00;1,00;1,00;808151;5951591
06/28/16;0,999953;1,00;0,999953;1,00;2242170;5951591
06/27/16;1,00;1,00;0,999932;0,999951;576205;5951299
06/26/16;1,00;1,00;1,00;1,00;798039;5951651
06/25/16;1,00;1,00;1,00;1,00;1223680;5951651
06/24/16;1,00;1,00;1,00;1,00;3067830;5951651
06/23/16;1,00;1,00;1,00;1,00;2838010;5951591
06/22/16;1,00;1,00;1,00;1,00;3966370;5951591
06/21/16;1,00;1,00;1,00;1,00;3652970;5951591
06/20/16;0,999999;1,00;0,999999;1,00;2855850;5951591
06/19/16;0,999999;0,999999;0,999999;0,999999;1377470;5951585
06/18/16;0,999999;0,999999;0,999999;0,999999;3759450;5951585
06/17/16;0,999999;0,999999;0,999999;0,999999;6105470;5951585
06/16/16;1,00;1,00;0,999999;0,999999;3547690;5951585
06/15/16;1,00;1,00;1,00;1,00;1738970;5951591
06/14/16;1,00;1,00;1,00;1,00;2479570;5951591
06/13/16;1,00;1,00;1,00;1,00;1673420;2951591
06/12/16;1,00;1,00;1,00;1,00;1030810;2951591
06/11/16;1,00;1,00;1,00;1,00;134797;2951591
06/10/16;1,00;1,00;1,00;1,00;206234;2951591
06/09/16;1,00;1,00;1,00;1,00;149115;2951591
06/08/16;1,00;1,00;1,00;1,00;155586;2951591
06/07/16;1,00;1,00;1,00;1,00;295779;2951591
06/06/16;1,00;1,00;1,00;1,00;792495;2951591
06/05/16;1,00;1,00;1,00;1,00;139775;2951591
06/04/16;1,00;1,00;1,00;1,00;438311;2951591
06/03/16;1,00;1,00;1,00;1,00;2459760;2951591
06/02/16;1,00;1,00;1,00;1,00;223416;2951591
06/01/16;1,00;1,00;1,00;1,00;1030660;2951591
05/31/16;1,00;1,00;1,00;1,00;2580270;1951591
05/30/16;1,00;1,00;1,00;1,00;422532;1951591
05/29/16;1,00;1,00;1,00;1,00;705697;1951591
05/28/16;1,00;1,00;1,00;1,00;613257;1951591
05/27/16;1,00;1,00;1,00;1,00;707718;1951591
05/26/16;1,00;1,00;0,999999;1,00;5707670;1951591
05/25/16;1,00;1,00;1,00;1,00;20987;1951591
05/24/16;1,00;1,00;1,00;1,00;153609;1951630
05/23/16;1,00;1,00;1,00;1,00;190548;1951591
05/22/16;1,00;1,00;1,00;1,00;104196;1951591
05/21/16;1,00;1,00;1,00;1,00;167338;1951591
05/20/16;1,00;1,00;1,00;1,00;261677;1951591
05/19/16;1,00;1,00;1,00;1,00;329926;1951591
05/18/16;1,00;1,00;1,00;1,00;229307;1951591
05/17/16;1,00;1,00;1,00;1,00;178706;1951591
05/16/16;1,00;1,00;1,00;1,00;56723;1951591
05/15/16;1,00;1,00;1,00;1,00;21945;1951591
05/14/16;1,00;1,01;1,00;1,00;61320,20;1958578
05/13/16;1,00;1,00;1,00;1,00;62149,40;1957953
05/12/16;1,00;1,00;1,00;1,00;168513;1951591
05/11/16;1,00;1,00;1,00;1,00;270254;1951591
05/10/16;1,00;1,00;1,00;1,00;6102180;1951591
05/09/16;1,00;1,00;1,00;1,00;324466;1951591
05/08/16;1,00;1,00;1,00;1,00;80058,70;1951591
05/07/16;1,00;1,00;1,00;1,00;73082,80;1951591
05/06/16;1,00;1,00;1,00;1,00;2747610;1951591
05/05/16;1,00;1,00;1,00;1,00;753773;1951591
05/04/16;1,00;1,00;1,00;1,00;215176;1951591
05/03/16;1,00;1,00;1,00;1,00;408428;1951591
05/02/16;1,00;1,00;1,00;1,00;19344;1951591
05/01/16;1,00;1,00;1,00;1,00;49005,50;1951591
04/30/16;1,00;1,00;1,00;1,00;454278;1951591
04/29/16;1,00;1,00;1,00;1,00;146006;1951591
04/28/16;1,00;1,00;1,00;1,00;544476;1951591
04/27/16;1,00;1,00;1,00;1,00;481952;1451591
04/26/16;1,00;1,00;1,00;1,00;515109;1451591
04/25/16;1,00;1,00;1,00;1,00;298864;1451591
04/24/16;1,00;1,00;1,00;1,00;68016,00;1451591
04/23/16;1,00;1,00;1,00;1,00;512936;1451591
04/22/16;1,00;1,00;1,00;1,00;143608;1451591
04/21/16;1,00;1,00;1,00;1,00;27884;1451591
04/20/16;1,00;1,00;1,00;1,00;103226;1451591
04/19/16;1,00;1,00;1,00;1,00;11637;1451591
04/18/16;1,00;1,00;1,00;1,00;160979;1451591
04/17/16;1,00;1,00;1,00;1,00;12192;1451591
04/16/16;1,00;1,00;1,00;1,00;66410,80;1451591
04/15/16;1,00;1,00;1,00;1,00;79197,10;1451591
04/14/16;1,00;1,00;1,00;1,00;349208;1451591
04/13/16;1,00;1,00;1,00;1,00;173569;1451591
04/12/16;0,999846;1,00;0,999516;1,00;430502;1451591
04/11/16;1,00;1,00;0,999793;0,999861;38497,40;1451389
04/10/16;1,00;1,00;1,00;1,00;173469;1451591
04/09/16;1,00;1,00;1,00;1,00;117876;1451591
04/08/16;1,00;1,00;1,00;1,00;441626;1451591
04/07/16;1,00;1,00;1,00;1,00;44184,90;1451620
04/06/16;1,00;1,00;1,00;1,00;82047,90;1451620
04/05/16;1,00;1,00;1,00;1,00;115498;1451591
04/04/16;1,00;1,00;1,00;1,00;486533;1451591
04/03/16;1,00;1,00;1,00;1,00;99266,70;1451591
04/02/16;1,00;1,00;1,00;1,00;103658;1451591
04/01/16;1,00;1,00;1,00;1,00;50032,90;1451591
03/31/16;1,00;1,00;1,00;1,00;147747;1451591
03/30/16;1,00;1,00;1,00;1,00;204201;1451591
03/29/16;1,00;1,00;1,00;1,00;1042210;1451591
03/28/16;1,00;1,00;1,00;1,00;112757;1451591
03/27/16;1,00;1,00;1,00;1,00;11133;1451591
03/26/16;1,00;1,00;1,00;1,00;43612,20;1451591
03/25/16;0,999973;1,00;0,999973;1,00;32068,20;1451591
03/24/16;0,999999;0,999999;0,999972;0,999972;108214;1451550
03/23/16;0,999999;0,999999;0,999999;0,999999;82969,80;1451590
03/22/16;0,999999;0,999999;0,999999;0,999999;118249;1451590
03/21/16;0,999998;0,999999;0,999998;0,999999;188116;1451590
03/20/16;0,999998;0,999998;0,999998;0,999998;82858,40;1451588
03/19/16;0,999998;0,999998;0,999998;0,999998;119685;1451593
03/18/16;0,999983;0,999998;0,999982;0,999998;326978;1451593
03/17/16;1,00;1,00;0,999934;0,999983;219091;1451575
03/16/16;1,00;1,00;1,00;1,00;74772,90;1451600
03/15/16;0,999994;1,00;0,999994;1,00;72351,70;1451600
03/14/16;0,999917;0,999994;0,999914;0,999994;369834;1451591
03/13/16;0,999896;0,999987;0,999896;0,999918;209067;1451481
03/12/16;0,999995;0,999995;0,999822;0,999895;253278;1451448
03/11/16;0,999994;0,999995;0,999994;0,999995;92528,20;1451593
03/10/16;0,999895;0,999994;0,999895;0,999994;126353;1451591
03/09/16;1,00;1,00;0,999895;0,999895;15828;1451448
03/08/16;0,999998;1,00;0,999998;1,00;144215;1451600
03/07/16;0,999998;0,999998;0,999998;0,999998;143086;1451597
03/06/16;1,00;1,00;0,999996;0,999998;279531;1451597
03/05/16;1,00;1,00;1,00;1,00;354905;1451600
03/04/16;0,999999;1,00;0,999999;1,00;150575;1451600
03/03/16;0,999961;0,999999;0,999953;0,999999;179492;1451599
03/02/16;0,999991;0,999994;0,999962;0,999962;61533,30;1451545
03/01/16;1,00;1,00;0,999981;0,999991;143221;1451587
02/29/16;1,00;1,00;1,00;1,00;77532,30;1451629
02/28/16;1,00;1,00;1,00;1,00;114084;1451600
02/27/16;1,00;1,00;1,00;1,00;96720,80;1451600
02/26/16;1,00;1,00;1,00;1,00;102891;1451600
02/25/16;0,999844;1,00;0,999749;1,00;433922;1451600
02/24/16;1,00;1,00;0,999844;0,999844;85159,90;1451374
02/23/16;1,00;1,00;1,00;1,00;107259;1451600
02/22/16;1,00;1,00;1,00;1,00;46519,50;1451600
02/21/16;1,00;1,00;1,00;1,00;55017,80;1451600
02/20/16;1,00;1,00;1,00;1,00;57050,50;1451600
02/19/16;1,00;1,00;1,00;1,00;50866,00;1451600
02/18/16;1,00;1,00;1,00;1,00;71827,40;1451600
02/17/16;1,00;1,00;1,00;1,00;169298;1451600
02/16/16;1,00;1,00;1,00;1,00;58640,50;1451615
02/15/16;1,00;1,00;1,00;1,00;95454,10;1451615
02/14/16;1,00;1,00;0,999664;1,00;52364,70;1452892
02/13/16;1,00;1,00;1,00;1,00;98084,70;1451600
02/12/16;1,00;1,00;1,00;1,00;407856;1451600
02/11/16;1,00;1,00;1,00;1,00;65353,70;1451600
02/10/16;1,00;1,00;1,00;1,00;125936;1451600
02/09/16;1,00;1,00;1,00;1,00;36351,30;1451600
02/08/16;1,00;1,00;1,00;1,00;36002,10;1451600
02/07/16;1,00;1,00;1,00;1,00;27175,60;1451600
02/06/16;1,00;1,00;1,00;1,00;71507;1451600
02/05/16;1,00;1,00;1,00;1,00;97341,10;1451600
02/04/16;1,00;1,00;1,00;1,00;150392;1451600
02/03/16;1,00;1,00;1,00;1,00;104733;1451600
02/02/16;0,999969;1,00;0,999969;1,00;7113,42;1451600
02/01/16;0,999999;1,00;0,999701;0,999969;76316,60;1451555
01/31/16;1,00;1,00;0,999999;0,999999;10385,00;1451599
01/30/16;0,999978;1,00;0,999968;1,00;6307,13;1451600
01/29/16;0,999999;1,00;0,999976;0,999978;73398,70;1451568
01/28/16;1,00;1,00;0,999926;0,999999;155498;1451599
01/27/16;1,00;1,00;1,00;1,00;37597,80;1451600
01/26/16;1,00;1,00;1,00;1,00;69162,20;1451600
01/25/16;1,00;1,00;1,00;1,00;44569,90;1451615
01/24/16;1,00;1,00;1,00;1,00;21139,30;1451615
01/23/16;1,00;1,00;1,00;1,00;28437,50;1451818
01/22/16;1,00;1,00;1,00;1,00;26682,00;1451702
01/21/16;1,00;1,00;1,00;1,00;35771,90;1451600
01/20/16;1,00;1,00;1,00;1,00;17068,70;1451600
01/19/16;1,00;1,00;1,00;1,00;9856,95;1451600
01/18/16;1,00;1,00;1,00;1,00;160834;1451600
01/17/16;1,00;1,00;1,00;1,00;17361,10;1451600
01/16/16;1,00;1,00;0,999692;1,00;74253,60;1452195
01/15/16;1,00;1,00;1,00;1,00;95995,00;1451600
01/14/16;1,00;1,00;1,00;1,00;20292,00;1451600
01/13/16;1,00;1,00;1,00;1,00;9873,34;1452253
01/12/16;1,00;1,00;1,00;1,00;11714,20;1451600
01/11/16;1,00;1,00;1,00;1,00;1189;1451600
01/10/16;1,00;1,00;1,00;1,00;66196,40;1451600
01/09/16;1,00;1,00;1,00;1,00;3358,90;1451600
01/08/16;1,00;1,00;1,00;1,00;13419,70;1451600
01/07/16;1,00;1,00;1,00;1,00;25544,20;1451600
01/06/16;1,00;1,00;1,00;1,00;541019;1451600
01/05/16;1,00;1,00;1,00;1,00;1350,46;951838
01/04/16;1,00;1,00;1,00;1,00;81181,70;9516
01/03/16;1,00;1,00;1,00;1,00;1388,86;9516
01/02/16;1,00;1,00;1,00;1,00;4701,21;9516
01/01/16;1,00;1,00;1,00;1,00;4875,58;9516
12/31/15;1,00;1,00;1,00;1,00;6995,13;9516
12/30/15;1,00;1,00;1,00;1,00;7389,05;9516
12/29/15;1,00;1,00;1,00;1,00;14115,00;9516
12/28/15;1,00;1,00;1,00;1,00;82322,60;9516
12/27/15;1,00;1,00;1,00;1,00;26317,20;9516
12/26/15;1,00;1,00;1,00;1,00;15304,50;9516
12/25/15;1,00;1,00;1,00;1,00;618112;9516
12/24/15;1,00;1,00;1,00;1,00;91078,40;9516
12/23/15;0,999805;1,00;0,999805;1,00;66710,60;9516
12/22/15;0,999864;0,999892;0,999454;0,999801;10915,10;951411
12/21/15;1,00;1,00;0,999848;0,999864;18913,00;951471
12/20/15;1,00;1,00;1,00;1,00;16099,50;9516
12/19/15;1,00;1,00;1,00;1,00;23202,00;9516
12/18/15;1,00;1,00;1,00;1,00;6492,99;9516
12/17/15;1,00;1,00;1,00;1,00;2225,72;9516
12/16/15;1,00;1,00;1,00;1,00;143155;9516
12/15/15;1,00;1,00;1,00;1,00;22209,60;9516
12/14/15;1,00;1,00;1,00;1,00;8173,27;9516
12/13/15;1,00;1,00;1,00;1,00;13796,10;9516
12/12/15;1,00;1,00;1,00;1,00;39260,70;9516
12/11/15;1,00;1,00;1,00;1,00;102209;9516
12/10/15;1,00;1,00;1,00;1,00;23195,00;9516
12/09/15;1,00;1,00;1,00;1,00;17421,20;951676
12/08/15;1,00;1,00;1,00;1,00;9503,96;951752
12/07/15;1,00;1,00;1,00;1,00;11223,90;9516
12/06/15;1,00;1,00;1,00;1,00;220143;9516
12/05/15;1,00;1,00;1,00;1,00;21567,90;9516
12/04/15;1,00;1,00;1,00;1,00;7737,74;9516
12/03/15;1,00;1,00;1,00;1,00;141337;9516
12/02/15;0,999994;1,00;0,999988;1,00;195747;9516
12/01/15;1,00;1,00;0,999993;0,999993;129772;951593
11/30/15;1,00;1,00;1,00;1,00;659724;4516
11/29/15;1,00;1,00;1,00;1,00;134696;4516
11/28/15;1,00;1,00;1,00;1,00;22508,30;4516
11/27/15;1,00;1,00;1,00;1,00;8252,79;4516
11/26/15;1,00;1,00;1,00;1,00;20800,00;4516
11/25/15;1,00;1,00;1,00;1,00;6874,56;4516
11/24/15;1,00;1,00;1,00;1,00;11121,30;4516
11/23/15;1,00;1,00;1,00;1,00;25499,00;4516
11/22/15;1,00;1,00;1,00;1,00;5443,27;4516
11/21/15;1,00;1,00;1,00;1,00;6455,95;4516
11/20/15;1,00;1,00;1,00;1,00;10002,50;4516
11/19/15;1,00;1,00;1,00;1,00;18890,50;4516
11/18/15;1,00;1,00;1,00;1,00;6058,27;4516
11/17/15;1,00;1,00;1,00;1,00;25692,90;4516
11/16/15;1,00;1,00;1,00;1,00;10552,90;4516
11/15/15;1,00;1,00;1,00;1,00;33393,20;4516
11/14/15;1,00;1,00;1,00;1,00;28995,30;4516
11/13/15;1,00;1,00;1,00;1,00;49616,80;4516
11/12/15;1,00;1,00;1,00;1,00;34993,60;4516
11/11/15;1,00;1,00;1,00;1,00;34324,00;4516
11/10/15;1,00;1,00;1,00;1,00;14721,60;4516
11/09/15;1,00;1,00;1,00;1,00;18567,80;4516
11/08/15;1,00;1,00;1,00;1,00;143097;4516
11/07/15;1,00;1,00;1,00;1,00;999501;4516
11/06/15;1,00;1,00;1,00;1,00;37254;4516
11/05/15;1,00;1,00;1,00;1,00;226537;4516
11/04/15;1,00;1,00;1,00;1,00;181021;4516
11/03/15;1,00;1,00;1,00;1,00;90103,00;4516
11/02/15;1,00;1,00;1,00;1,00;15844,50;4516
11/01/15;1,00;1,00;1,00;1,00;4505,60;4516
10/31/15;1,00;1,00;1,00;1,00;26367,30;4516
10/30/15;1,00;1,00;1,00;1,00;26909,10;4516
10/29/15;1,00;1,00;1,00;1,00;227491;4516
10/28/15;1,00;1,00;1,00;1,00;64487,80;4516
10/27/15;1,00;1,00;1,00;1,00;51399,60;4516
10/26/15;1,00;1,00;1,00;1,00;40692,40;4516
10/25/15;1,00;1,00;1,00;1,00;191596;4516
10/24/15;1,00;1,00;1,00;1,00;73679,30;4516
10/23/15;1,00;1,00;1,00;1,00;115132;4516
10/22/15;1,00;1,00;1,00;1,00;76060,70;4516
10/21/15;1,00;1,00;1,00;1,00;42472,40;4516
10/20/15;1,00;1,00;1,00;1,00;30334,80;4516
10/19/15;1,00;1,00;1,00;1,00;6588,85;4516
10/18/15;1,00;1,00;1,00;1,00;3108,15;4516
10/17/15;1,00;1,00;1,00;1,00;3696,64;4516
10/16/15;1,00;1,00;1,00;1,00;37796,20;4516
10/15/15;1,00;1,00;1,00;1,00;98815,40;4516
10/14/15;1,00;1,00;1,00;1,00;10377,50;4516
10/13/15;1,00;1,00;1,00;1,00;122426;4516
10/12/15;1,00;1,00;1,00;1,00;25978,20;4516
10/11/15;1,00;1,00;1,00;1,00;47945,80;4516
10/10/15;1,00;1,00;1,00;1,00;116,65;4516
10/09/15;1,00;1,00;1,00;1,00;1830,04;4516
10/08/15;1,00;1,00;1,00;1,00;5197,36;4516
10/07/15;1,00;1,00;1,00;1,00;8055,11;4516
10/06/15;1,00;1,00;1,00;1,00;55914,00;4516
10/05/15;1,00;1,00;1,00;1,00;17653,60;4516
10/04/15;1,00;1,00;1,00;1,00;3458,96;4516
10/03/15;1,00;1,00;1,00;1,00;368077;4516
10/02/15;1,00;1,00;1,00;1,00;14618,80;4516
10/01/15;1,00;1,00;1,00;1,00;178994;4516
09/30/15;1,00;1,00;1,00;1,00;142982;4516
09/29/15;1,00;1,00;1,00;1,00;419071;4516
09/28/15;1,00;1,00;1,00;1,00;394927;4516
09/27/15;1,00;1,00;1,00;1,00;1997,58;4516
09/26/15;1,00;1,00;1,00;1,00;528,23;4516
09/25/15;1,00;1,00;1,00;1,00;608,16;4516
09/24/15;1,00;1,00;1,00;1,00;103489;4516
09/23/15;1,00;1,00;1,00;1,00;5751,47;4516
09/22/15;1,00;1,00;1,00;1,00;19998,30;4516
09/21/15;1,00;1,00;1,00;1,00;9470,17;4516
09/20/15;1,00;1,00;1,00;1,00;112,48;4516
09/19/15;1,00;1,00;1,00;1,00;820,97;4516
09/18/15;1,00;1,00;1,00;1,00;15623,50;4516
09/17/15;1,00;1,00;1,00;1,00;28268,00;4516
09/16/15;1,00;1,00;1,00;1,00;52821,10;4516
09/15/15;1,00;1,00;1,00;1,00;71981,80;4516
09/14/15;1,00;1,00;1,00;1,00;227,95;4516
09/13/15;1,00;1,00;1,00;1,00;695,70;4516
09/12/15;1,00;1,00;1,00;1,00;4331,17;4516
09/11/15;1,00;1,00;1,00;1,00;29212,80;4516
09/10/15;1,00;1,00;1,00;1,00;9264,55;4516
09/09/15;1,00;1,00;1,00;1,00;106307;4516
09/08/15;1,00;1,00;1,00;1,00;2962,65;4516
09/07/15;1,00;1,00;1,00;1,00;22316,00;4516
09/06/15;1,00;1,00;1,00;1,00;17950,50;4516
09/05/15;1,00;1,00;1,00;1,00;13466,80;4516
09/04/15;1,00;1,00;1,00;1,00;672,13;4516
09/03/15;1,00;1,00;1,00;1,00;889,63;4516
09/02/15;1,00;1,00;1,00;1,00;1710,04;4516
09/01/15;1,00;1,00;1,00;1,00;6135,62;4516
08/31/15;1,00;1,00;1,00;1,00;7021,69;4516
08/30/15;1,00;1,00;1,00;1,00;3319,17;4516
08/29/15;1,00;1,00;1,00;1,00;1207,48;4516
08/28/15;1,00;1,00;1,00;1,00;6212,61;4516
08/27/15;1,00;1,00;1,00;1,00;2445,86;4516
08/26/15;1,00;1,00;1,00;1,00;1643,05;4516
08/25/15;1,00;1,00;1,00;1,00;433444;4516
08/24/15;1,00;1,00;1,00;1,00;73636,80;4516
08/23/15;1,00;1,00;1,00;1,00;2274,50;4516
08/22/15;1,00;1,00;1,00;1,00;1296,33;4516
08/21/15;1,00;1,00;1,00;1,00;5956,62;4516
08/20/15;1,00;1,00;1,00;1,00;2840,85;4516
08/19/15;1,00;1,00;1,00;1,00;157207;4516
08/18/15;1,00;1,00;1,00;1,00;65245,50;4516
08/17/15;1,00;1,00;1,00;1,00;20941,60;4516
08/16/15;1,00;1,00;1,00;1,00;1643,82;4516
08/15/15;1,00;1,00;1,00;1,00;4232,47;4516
08/14/15;1,00;1,00;1,00;1,00;2346,28;4516
08/13/15;1,00;1,00;1,00;1,00;1521,35;4516
08/12/15;1,00;1,00;1,00;1,00;1602,34;4516
08/11/15;1,00;1,00;1,00;1,00;526,41;4516
08/10/15;1,00;1,00;1,00;1,00;152265;4516
08/09/15;1,00;1,00;1,00;1,00;656,90;4516
08/08/15;1,00;1,00;1,00;1,00;2229,17;4516
08/07/15;1,00;1,00;1,00;1,00;189055;4516
08/06/15;1,00;1,00;1,00;1,00;15978,70;4516
08/05/15;1,00;1,00;1,00;1,00;11013,30;4516
08/04/15;1,00;1,00;1,00;1,00;4182,05;4516
08/03/15;1,00;1,00;1,00;1,00;258279;4516
08/02/15;1,00;1,00;1,00;1,00;4443,42;4516
08/01/15;1,00;1,00;1,00;1,00;1765,74;4516
07/31/15;1,00;1,00;1,00;1,00;110,28;4516
07/30/15;1,00;1,00;1,00;1,00;28284,70;4516
07/29/15;1,00;1,00;1,00;1,00;404935;4516
07/28/15;1,00;1,00;1,00;1,00;50302,70;4516
07/27/15;1,00;1,00;1,00;1,00;2250,85;4516
07/26/15;1,00;1,00;1,00;1,00;25,00;4516
07/25/15;1,00;1,00;1,00;1,00;521,34;4516
07/24/15;1,00;1,00;1,00;1,00;32139,80;4516
07/23/15;1,00;1,00;1,00;1,00;4233,58;4516
07/22/15;1,00;1,00;1,00;1,00;506,55;4516
07/21/15;1,00;1,00;1,00;1,00;5796,42;4516
07/20/15;1,00;1,00;1,00;1,00;658,78;4516
07/19/15;1,00;1,00;1,00;1,00;2708,94;4516
07/18/15;1,00;1,00;1,00;1,00;50531,80;4516
07/17/15;1,00;1,00;1,00;1,00;665897;4516
07/16/15;1,00;1,00;1,00;1,00;33531,90;4516
07/15/15;1,00;1,00;1,00;1,00;1131,72;4516
07/14/15;1,00;1,00;1,00;1,00;31441,70;4516
07/13/15;1,00;1,00;1,00;1,00;242557;4516
07/12/15;1,00;1,00;1,00;1,00;3187,45;4516
07/11/15;1,00;1,00;1,00;1,00;1621,98;4516
07/10/15;1,00;1,00;1,00;1,00;1065,39;4516
07/09/15;1,00;1,00;1,00;1,00;516,18;4516
07/08/15;1,00;1,00;1,00;1,00;1632,58;4516
07/07/15;1,00;1,00;1,00;1,00;34946,10;4516
07/06/15;1,00;1,00;1,00;1,00;652389;4516
07/05/15;1,00;1,00;1,00;1,00;8107,28;4516
07/04/15;1,00;1,00;1,00;1,00;100,02;4516
07/03/15;1,00;1,00;1,00;1,00;14061,30;4516
07/02/15;1,00;1,00;1,00;1,00;1436,39;4516
07/01/15;1,00;1,00;1,00;1,00;110325;4516
06/30/15;1,00;1,00;1,00;1,00;472575;4516
06/29/15;1,00;1,00;1,00;1,00;3121,38;4516
06/28/15;1,00;1,00;1,00;1,00;409,44;4516
06/27/15;1,00;1,00;1,00;1,00;668536;4516
06/26/15;1,00;1,00;1,00;1,00;3128,97;4516
06/25/15;1,00;1,00;1,00;1,00;63844,80;4516
06/24/15;1,00;1,00;1,00;1,00;633456;4516
06/23/15;1,00;1,00;1,00;1,00;19972,70;4516
06/22/15;1,00;1,00;1,00;1,00;403,56;4516
06/21/15;1,00;1,00;1,00;1,00;370,88;4516
06/20/15;1,00;1,00;1,00;1,00;2423,98;4516
06/19/15;1,00;1,00;1,00;1,00;10983,20;4516
06/18/15;1,00;1,00;1,00;1,00;33803,60;4516
06/17/15;1,00;1,00;1,00;1,00;7822,33;4516
06/16/15;1,00;1,00;1,00;1,00;204282;4516
06/15/15;1,00;1,00;1,00;1,00;262077;4516
06/14/15;1,00;1,00;1,00;1,00;1348,71;4516
06/13/15;1,00;1,00;1,00;1,00;1635,93;4516
06/12/15;1,00;1,00;1,00;1,00;41981,00;4516
06/11/15;1,00;1,00;1,00;1,00;50162,40;4516
06/10/15;1,00;1,00;1,00;1,00;45550,90;4516
06/09/15;1,00;1,00;1,00;1,00;323,21;4516
06/08/15;1,00;1,00;1,00;1,00;126,16;4516
06/07/15;1,00;1,00;1,00;1,00;1547,45;4516
06/06/15;1,00;1,00;1,00;1,00;30,22;4516
06/05/15;1,00;1,00;1,00;1,00;21,51;4516
06/04/15;1,00;1,00;1,00;1,00;151,84;4516
06/03/15;1,00;1,00;1,00;1,00;24994,20;4516
06/02/15;1,00;1,00;1,00;1,00;75455,70;4516
06/01/15;1,00;1,00;1,00;1,00;40887,40;4516
05/31/15;1,00;1,00;1,00;1,00;2522,38;4516
05/30/15;1,00;1,00;1,00;1,00;12447,90;4516
05/29/15;1,00;1,00;1,00;1,00;16640,40;4516
05/28/15;1,00;1,00;1,00;1,00;70611,50;4516
05/27/15;1,00;1,00;1,00;1,00;28001,70;4516
05/26/15;1,00;1,00;1,00;1,00;1243,75;4516
05/25/15;1,00;1,00;1,00;1,00;2845,86;4516
05/24/15;1,00;1,00;1,00;1,00;5381,64;4516
05/23/15;1,00;1,00;1,00;1,00;30,02;4516
05/22/15;1,00;1,00;1,00;1,00;20209,30;4516
05/21/15;1,00;1,00;1,00;1,00;53849,10;4516
05/20/15;1,00;1,00;1,00;1,00;21978,90;4516
05/19/15;1,00;1,00;1,00;1,00;25358,70;4516
05/18/15;1,00;1,00;1,00;1,00;31,39;4516
05/17/15;1,00;1,00;1,00;1,00;682,92;2516
05/16/15;1,00;1,00;1,00;1,00;297,45;2516
05/15/15;1,00;1,00;1,00;1,00;92,12;2516
05/14/15;1,00;1,00;1,00;1,00;2184,61;2516
05/13/15;1,00;1,00;1,00;1,00;0,110497;2516
05/12/15;1,00;1,00;1,00;1,00;5,22;2516
05/11/15;1,00;1,00;1,00;1,00;583,83;2516
05/10/15;1,00;1,00;1,00;1,00;2466,13;2516
05/09/15;1,00;1,00;1,00;1,00;170,77;2516
05/08/15;1,00;1,00;1,00;1,00;545,50;2516
05/07/15;1,00;1,00;1,00;1,00;120,48;2516
05/06/15;1,00;1,00;1,00;1,00;10,19;2516
05/05/15;1,00;1,00;1,00;1,00;21,43;2516
05/04/15;1,00;1,00;1,00;1,00;83170,80;2516
05/03/15;1,00;1,00;1,00;1,00;1517,87;2516
05/02/15;1,00;1,00;1,00;1,00;3,99;2516
05/01/15;1,00;1,00;1,00;1,00;48,38;2516
04/30/15;1,00;1,00;1,00;1,00;613,07;2516
04/29/15;1,00;1,00;1,00;1,00;12,19;2516
04/28/15;1,00;1,00;1,00;1,00;42628,10;2516
04/27/15;1,00;1,00;1,00;1,00;17806,20;2516
04/26/15;1,00;1,00;1,00;1,00;555,44;2516
04/25/15;1,00;1,00;1,00;1,00;26,46;2516
04/24/15;1,00;1,00;1,00;1,00;20261,80;2516
04/23/15;1,00;1,00;1,00;1,00;21632,00;2516
04/22/15;1,00;1,00;1,00;1,00;40305,60;2516
04/21/15;1,00;1,00;1,00;1,00;85932,70;2516
04/20/15;1,00;1,00;1,00;1,00;38,26;2516
04/19/15;1,00;1,00;1,00;1,00;21,93;2516
04/18/15;1,00;1,00;1,00;1,00;48,97;2516
04/17/15;1,00;1,00;1,00;1,00;50,48;2516
04/16/15;1,00;1,00;1,00;1,00;46909,20;2516
04/15/15;1,00;1,00;1,00;1,00;40700,20;2516
04/14/15;1,00;1,00;1,00;1,00;50323,80;2516
04/13/15;1,00;1,00;1,00;1,00;46026,00;2516
04/12/15;1,00;1,00;1,00;1,00;1970,79;2516
04/11/15;1,00;1,00;1,00;1,00;2868,80;2516
04/10/15;1,00;1,00;1,00;1,00;470,23;2516
04/09/15;1,00;1,00;1,00;1,00;100949;2516
04/08/15;1,00;1,00;1,00;1,00;1024,20;2516
04/07/15;1,00;1,00;1,00;1,00;19179,00;2516
04/06/15;1,00;1,00;1,00;1,00;254,30;2516
04/05/15;1,00;1,00;1,00;1,00;2887,05;2516
04/04/15;1,00;1,00;1,00;1,00;2018,25;2516
04/03/15;1,00;1,00;1,00;1,00;8887,17;2516
04/02/15;1,00;1,00;1,00;1,00;79969,90;2516
04/01/15;1,00;1,00;1,00;1,00;14,49;2516
03/31/15;1,00;1,00;1,00;1,00;37,05;2516
03/30/15;1,00;1,00;1,00;1,00;494,70;2516
03/29/15;1,00;1,00;1,00;1,00;20,64;2516
03/28/15;1,00;1,00;1,00;1,00;17,04;2516
03/27/15;1,00;1,00;1,00;1,00;4,79;2516
03/26/15;1,00;1,00;1,00;1,00;2,31;2516
03/25/15;1,00;1,00;1,00;1,00;92,35;2516
03/24/15;1,00;1,00;1,00;1,00;1179,44;2516
03/23/15;1,00;1,00;1,00;1,00;65,84;2516
03/22/15;1,00;1,00;1,00;1,00;66,68;2516
03/21/15;1,00;1,00;1,00;1,00;206,27;2516
03/20/15;1,00;1,00;1,00;1,00;132,73;2516
03/19/15;1,00;1,00;1,00;1,00;713,95;2516
03/18/15;1,00;1,00;1,00;1,00;202,34;2516
03/17/15;1,00;1,00;1,00;1,00;4284,02;2516
03/16/15;1,00;1,00;1,00;1,00;49631,50;2516
03/15/15;1,00;1,00;1,00;1,00;15124,50;2516
03/14/15;1,00;1,00;1,00;1,00;17705,10;2516
03/13/15;1,00;1,00;1,00;1,00;75,28;2516
03/12/15;1,00;1,00;1,00;1,00;80418,30;2516
03/11/15;1,00;1,00;1,00;1,00;49,31;2516
03/10/15;1,00;1,00;1,00;1,00;49996,70;2516
03/09/15;1,00;1,00;1,00;1,00;143,00;2516
03/08/15;1,00;1,00;1,00;1,00;31,14;2516
03/07/15;1,00;1,00;1,00;1,00;58196,80;2516
03/06/15;1,00;1,00;1,00;1,00;92,65;2516
03/03/15;0,605129;0,606229;0,604416;0,606229;3,03;152527
03/02/15;0,571249;0,607890;0,568314;0,606502;3,03;152596
02/26/15;1,21;1,21;1,19;1,21;5,96;303364
02/25/15;1,21;1,22;1,21;1,21;5,98;304713
